ch,i,expRepTime
1,0,34.48
1,1,34.48
1,2,34.48
1,3,34.48
1,4,34.48
1,5,34.48
1,6,34.48
1,7,34.48
1,8,34.48
1,9,34.48
1,10,34.48
1,11,34.48
1,12,34.48
1,13,34.33333333333333
1,14,34.18666666666667
1,15,34.04
1,16,33.89333333333333
1,17,33.74666666666666
1,18,33.6
1,19,33.45333333333333
1,20,33.306666666666665
1,21,33.16
1,22,33.013333333333335
1,23,32.86666666666667
1,24,32.72
1,25,32.57333333333333
1,26,32.42666666666667
1,27,32.28
1,28,33.87
1,29,30.88
1,30,30.56
1,31,31.4
1,32,30.98
1,33,28.53
1,34,27.67
1,35,28.18
1,36,30.11
1,37,28.54
1,38,29.93
1,39,30.0
1,40,27.77
1,41,27.46
1,42,28.15
1,43,28.97
1,44,30.09
1,45,30.73
1,46,30.44
1,47,30.4
1,48,30.83
1,49,31.84
1,50,29.9
1,51,31.61
1,52,32.21
1,53,31.36
1,54,32.8
1,55,31.27
1,56,30.62
1,57,32.6
1,58,32.64
1,59,31.11
1,60,32.09
1,61,31.91
1,62,33.24
1,63,32.72
1,64,31.01
1,65,31.0
1,66,30.13
1,67,29.64
1,68,29.05
1,69,30.4
1,70,30.46
1,71,29.38
1,72,30.1
1,73,29.95
1,74,29.71
1,75,31.99
1,76,29.31
1,77,30.3
1,78,31.83
1,79,32.58
1,80,35.22
1,81,34.12
1,82,34.64
1,83,33.64
1,84,36.26
1,85,36.62
1,86,36.49
1,87,37.95
1,88,36.63
1,89,36.97
1,90,36.37
1,91,37.95
1,92,37.07
1,93,37.08
1,94,38.41
1,95,37.54
1,96,38.93
1,97,37.73
1,98,36.25
1,99,37.56
1,100,36.95
1,101,37.79
1,102,36.15
1,103,35.77
1,104,36.35
1,105,34.75
1,106,36.33
1,107,35.93
1,108,34.55
1,109,35.26
1,110,34.57
1,111,31.77
1,112,31.37
1,113,31.33
1,114,30.72
1,115,31.66
1,116,29.52
1,117,29.71
1,118,28.22
1,119,28.85
1,120,27.45
1,121,26.95
1,122,26.25
1,123,26.4
1,124,26.24
1,125,26.1
1,126,26.46
1,127,26.67
1,128,27.07
1,129,27.56
1,130,27.18
1,131,28.24
1,132,27.06
1,133,28.02
1,134,27.02
1,135,27.6
1,136,27.21
1,137,28.28
1,138,26.81
1,139,26.71
1,140,26.200000000000003
1,141,25.69
1,142,25.38
1,143,25.46
1,144,25.01
1,145,24.74
1,146,24.74
1,147,24.24
1,148,23.52
1,149,23.81
1,150,23.27
1,151,24.33
1,152,23.5
1,153,22.62
1,154,22.79
1,155,22.57
1,156,23.65
1,157,22.56
1,158,22.0
1,159,22.64
1,160,23.79
1,161,23.395
1,162,23.0
1,163,22.605
1,164,22.21
1,165,21.815
1,166,21.42
1,167,17.47
1,168,19.88
1,169,20.47
1,170,20.41
1,171,19.24
1,172,19.55
1,173,19.41
1,174,20.2
1,175,20.18
1,176,19.25
1,177,19.62
1,178,19.39
1,179,20.56
1,180,21.79
1,181,22.17
1,182,22.57
1,183,22.71
1,184,22.94
1,185,24.2
1,186,23.69
1,187,23.7
1,188,24.4
1,189,23.9
1,190,24.65
1,191,25.45
1,192,24.64
1,193,24.38
1,194,24.26
1,195,24.76
1,196,24.47
1,197,24.04
1,198,25.47
1,199,26.342
1,200,27.214
1,201,28.086
1,202,28.958
1,203,29.83
1,204,29.54
1,205,29.25
1,206,28.96
1,207,30.6
1,208,30.793333333333333
1,209,30.986666666666668
1,210,31.18
1,211,31.373333333333335
1,212,31.566666666666666
1,213,31.76
1,214,31.953333333333333
1,215,32.14666666666667
1,216,32.34
1,217,32.53333333333333
1,218,32.72666666666667
1,219,32.92
1,220,33.11333333333334
1,221,33.306666666666665
1,222,33.5
1,223,33.5
1,224,33.5
1,225,33.5
1,226,33.5
1,227,33.5
1,228,33.5
1,229,33.5
1,230,33.5
2,0,31.23
2,1,30.82
2,2,31.344285714285714
2,3,31.86857142857143
2,4,32.392857142857146
2,5,32.917142857142856
2,6,33.441428571428574
2,7,33.965714285714284
2,8,34.49
2,9,36.77
2,10,35.07
2,11,36.67
2,12,34.08
2,13,35.62
2,14,34.99
2,15,35.17
2,16,33.18
2,17,33.55
2,18,33.05
2,19,34.36
2,20,34.32
2,21,34.37
2,22,32.8
2,23,30.84
2,24,31.53
2,25,30.56
2,26,30.05
2,27,29.4
2,28,30.08
2,29,30.33
2,30,29.64428571428571
2,31,28.958571428571428
2,32,28.27285714285714
2,33,27.587142857142858
2,34,26.90142857142857
2,35,26.215714285714284
2,36,25.53
2,37,28.46
2,38,30.3
2,39,28.96
2,40,29.27
2,41,30.2
2,42,29.39
2,43,31.07
2,44,28.86
2,45,28.11
2,46,30.27
2,47,30.24
2,48,28.09
2,49,30.01
2,50,28.42
2,51,28.41
2,52,28.75
2,53,29.88
2,54,28.35
2,55,28.67
2,56,28.86
2,57,29.27
2,58,28.18
2,59,27.65
2,60,27.92
2,61,29.05
2,62,27.94
2,63,28.68
2,64,26.09
2,65,26.51
2,66,26.73
2,67,26.81
2,68,29.81
2,69,29.94
2,70,30.21
2,71,28.83
2,72,30.51
2,73,28.99
2,74,29.6
2,75,28.64
2,76,30.06
2,77,30.96
2,78,29.38
2,79,31.39
2,80,30.54
2,81,28.93
2,82,29.35
2,83,29.11
2,84,29.0
2,85,29.83
2,86,30.46
2,87,29.83
2,88,29.4
2,89,28.26
2,90,28.99
2,91,27.53
2,92,27.44
2,93,28.11
2,94,30.62
2,95,29.82
2,96,31.9
2,97,30.58
2,98,30.94
2,99,32.92
2,100,32.67
2,101,32.73
2,102,36.12
2,103,35.26
2,104,36.21
2,105,34.96
2,106,36.33
2,107,37.63
2,108,37.56
2,109,38.08
2,110,38.62
2,111,38.23
2,112,37.44
2,113,38.4
2,114,39.43
2,115,37.16
2,116,39.47
2,117,39.31
2,118,39.6
2,119,39.87
2,120,37.81
2,121,39.85
2,122,38.09
2,123,37.71
2,124,38.57
2,125,38.93
2,126,37.56
2,127,38.31
2,128,35.83
2,129,35.18
2,130,34.89
2,131,35.97
2,132,36.16
2,133,33.6
2,134,34.09
2,135,33.51
2,136,31.76
2,137,30.44
2,138,33.54
2,139,32.63
2,140,30.2
2,141,31.15
2,142,31.9
2,143,30.93
2,144,29.86
2,145,29.34
2,146,31.09
2,147,30.57
2,148,31.11
2,149,30.41
2,150,30.43
2,151,30.81
2,152,31.27
2,153,31.51
2,154,33.13
2,155,30.94
2,156,31.59
2,157,31.06
2,158,31.6
2,159,31.29
2,160,30.87
2,161,30.43
2,162,30.48
2,163,30.14
2,164,29.82
2,165,29.37
2,166,29.21
2,167,28.39
2,168,28.91
2,169,27.84
2,170,26.47
2,171,26.04
2,172,25.7
2,173,26.12
2,174,26.43
2,175,25.45
2,176,26.39
2,177,24.74
2,178,26.41
2,179,26.23
2,180,25.95
2,181,25.72
2,182,26.49
2,183,26.2
2,184,25.96
2,185,25.98
2,186,26.27
2,187,25.49
2,188,26.77
2,189,25.44
2,190,25.21
2,191,24.36
2,192,24.34
2,193,24.7
2,194,24.84
2,195,24.83
2,196,23.64
2,197,24.13
2,198,23.18
2,199,21.41
2,200,22.8
2,201,22.7
2,202,22.62
2,203,21.14
2,204,22.77
2,205,22.32
2,206,23.21
2,207,21.94
2,208,22.59
2,209,22.06
2,210,22.62
2,211,22.61
2,212,23.06
2,213,22.63
2,214,22.14
2,215,22.92
2,216,23.37
2,217,22.45
2,218,23.47
2,219,21.98
2,220,22.32
2,221,22.357142857142858
2,222,22.394285714285715
2,223,22.431428571428572
2,224,22.468571428571426
2,225,22.505714285714284
2,226,22.54285714285714
2,227,22.58
2,228,22.05
2,229,21.42
2,230,21.97
2,231,20.72
2,232,21.31
2,233,20.56
2,234,18.42
2,235,19.99
2,236,16.57
2,237,17.78
2,238,19.79
2,239,18.45
2,240,19.28
2,241,19.92
2,242,18.91
2,243,18.9
2,244,19.17
2,245,20.47
2,246,19.6
2,247,18.28
2,248,21.21
2,249,19.12
2,250,20.22
2,251,20.51
2,252,20.35
2,253,21.01
2,254,21.4
2,255,19.84
2,256,22.09
2,257,22.45
2,258,24.01
2,259,24.3425
2,260,24.675
2,261,25.0075
2,262,25.340000000000003
2,263,25.672500000000003
2,264,26.005000000000003
2,265,26.337500000000002
2,266,26.67
2,267,25.97
2,268,27.91
2,269,26.75
2,270,27.34
2,271,29.02
2,272,28.56
2,273,28.28
2,274,29.39
2,275,29.46
2,276,30.81
2,277,30.57
2,278,29.35
2,279,30.75
2,280,31.66
2,281,32.03
2,282,31.88
2,283,33.14
2,284,34.36
2,285,33.8
2,286,33.53
2,287,34.18
2,288,35.54
2,289,34.65
2,290,35.59
2,291,35.92
2,292,37.52
2,293,36.14
2,294,37.92
2,295,36.88
2,296,35.61
2,297,35.56
2,298,37.51
2,299,36.43
2,300,37.08
2,301,37.73
2,302,38.36
2,303,36.9
2,304,35.7
2,305,34.9
2,306,35.23
2,307,36.26
2,308,34.26
2,309,33.45
2,310,34.21
2,311,33.44
2,312,36.41
2,313,31.66
2,314,33.29
2,315,31.53
2,316,31.99
2,317,31.41
2,318,30.52
2,319,31.2
2,320,33.61
2,321,30.0
2,322,29.06
2,323,28.98
2,324,26.95
2,325,27.4
2,326,27.96
2,327,28.69
2,328,26.94
2,329,26.76
2,330,30.67
2,331,29.21
2,332,30.82
2,333,31.24
2,334,30.21
2,335,32.3
2,336,33.18
2,337,32.49
2,338,36.51
2,339,34.55
2,340,34.3
2,341,34.93
2,342,36.05
2,343,35.03
2,344,36.08
2,345,35.31
2,346,36.55
2,347,33.89
2,348,36.31
2,349,37.36
2,350,37.89
2,351,37.53
2,352,35.58
2,353,37.16
2,354,36.86
2,355,34.41
2,356,37.06
2,357,35.73
2,358,35.14
2,359,35.69
2,360,35.49
2,361,35.71
2,362,35.68
2,363,34.11
2,364,35.99
2,365,33.75
2,366,34.13
2,367,32.28
2,368,34.5
2,369,35.65
2,370,33.31
2,371,31.19
2,372,31.88
2,373,31.5
2,374,28.85
2,375,32.61
2,376,27.71
2,377,28.55
2,378,27.62
2,379,28.3
2,380,27.02
2,381,27.03
2,382,27.52
2,383,26.27
2,384,26.71
2,385,25.49
2,386,25.76
2,387,25.51
2,388,24.82
2,389,25.86
2,390,26.05
2,391,25.8
2,392,25.8
2,393,25.42
2,394,25.97
2,395,25.78
2,396,24.96
2,397,25.8
2,398,25.9
2,399,26.36
2,400,25.74
2,401,25.27
2,402,25.6
2,403,24.5
2,404,23.94
2,405,23.42
2,406,23.58
2,407,21.91
2,408,23.1
2,409,22.99
2,410,23.05
2,411,22.54
2,412,22.21
2,413,22.24
2,414,23.25
2,415,23.55
2,416,22.87
2,417,24.56
2,418,25.96
2,419,27.76
2,420,27.38
2,421,28.19
2,422,28.9
2,423,28.69
2,424,29.95
2,425,29.63
2,426,31.38
2,427,32.36
2,428,32.95
2,429,32.41
2,430,33.63
2,431,33.07
2,432,34.19
2,433,34.29
2,434,34.52
2,435,36.11
2,436,36.0
2,437,36.19
2,438,36.86
2,439,37.01
2,440,37.61
2,441,37.5
2,442,37.28
2,443,39.07
2,444,38.18
2,445,38.56
2,446,39.1
2,447,37.78
2,448,38.62
2,449,37.4
2,450,38.31
2,451,37.61
2,452,37.74
2,453,38.29
2,454,37.24
2,455,37.11
2,456,36.81
2,457,38.0
2,458,37.39
2,459,36.17
2,460,37.98
2,461,36.81
2,462,36.86
2,463,35.23
2,464,35.66
2,465,33.18
2,466,32.3
2,467,32.0
2,468,32.73
2,469,31.95
2,470,31.77
2,471,30.87
2,472,32.65
2,473,30.18
2,474,29.05
2,475,30.36
2,476,26.91
2,477,29.89
2,478,28.89
2,479,27.89
2,480,26.79
2,481,27.45
2,482,25.98
2,483,25.93
2,484,23.46
2,485,25.02
2,486,24.78
2,487,24.22
2,488,23.99
2,489,25.34
2,490,24.81
2,491,24.76
2,492,25.83
2,493,26.48
2,494,25.52
2,495,27.42
2,496,28.5
2,497,28.7
2,498,27.82
2,499,29.68
2,500,29.03
2,501,29.53
2,502,30.4
2,503,29.69
2,504,29.99
2,505,30.97
2,506,30.81
2,507,30.92
2,508,29.8
2,509,31.67
2,510,30.54
2,511,31.77
2,512,31.94
2,513,32.38
2,514,31.93
2,515,29.59
2,516,30.81
2,517,30.77
2,518,28.61
2,519,30.74
2,520,30.02
2,521,30.55
2,522,31.57
2,523,29.48
2,524,30.65
2,525,32.17
2,526,29.5
2,527,31.19
2,528,31.58
2,529,30.43
2,530,31.08
2,531,30.37
2,532,29.26
2,533,32.35
2,534,32.49
2,535,29.41
2,536,31.01
2,537,29.18
2,538,28.8
2,539,28.9
2,540,28.85
2,541,33.7
2,542,29.99
2,543,31.97
2,544,30.87
2,545,33.0
2,546,33.69
2,547,35.18
2,548,35.36
2,549,33.95
2,550,33.92
2,551,34.68
2,552,34.35
2,553,35.54
2,554,35.45
2,555,36.63
2,556,36.34
2,557,36.46
2,558,34.62
2,559,36.61
2,560,38.24
2,561,36.93
2,562,37.02
2,563,36.56
2,564,35.54
2,565,36.16
2,566,33.35
2,567,35.64
2,568,35.91
2,569,35.47
2,570,34.68
2,571,33.66
2,572,33.57
2,573,33.79
2,574,33.71
2,575,32.94
2,576,32.73
2,577,31.2
2,578,30.63
2,579,29.85
2,580,29.2
2,581,28.75
2,582,27.7
2,583,28.32
2,584,27.87
2,585,27.61
2,586,26.91
2,587,26.22
2,588,25.82
2,589,25.67
2,590,25.19
2,591,23.65
2,592,25.48
2,593,26.1
2,594,26.13
2,595,26.34
2,596,26.69
2,597,27.01
2,598,27.11
2,599,26.23
2,600,26.77
2,601,27.27
2,602,25.49
2,603,26.05
2,604,26.36
2,605,26.53
2,606,25.18
2,607,25.46
2,608,26.06
2,609,24.01
2,610,23.73
2,611,24.15
2,612,22.66
2,613,21.75
2,614,22.87
2,615,21.08
2,616,22.07
2,617,21.93
2,618,21.62
2,619,21.56
2,620,22.18
2,621,21.27
2,622,20.56
2,623,20.51
2,624,20.62
2,625,21.76
2,626,20.81
2,627,20.93
2,628,21.63
2,629,21.47
2,630,20.05
2,631,21.96
2,632,21.06
2,633,22.87
2,634,22.85
2,635,23.82
2,636,24.94
2,637,25.06
2,638,24.7
2,639,25.7
2,640,25.97
2,641,27.27
2,642,26.74
2,643,28.2
2,644,28.88
2,645,29.52
2,646,29.42
2,647,29.34
2,648,30.16
2,649,31.69
2,650,31.03
2,651,32.38
2,652,33.3
2,653,32.43
2,654,34.64
2,655,34.23
2,656,35.65
2,657,34.9
2,658,35.59
2,659,38.09
2,660,36.49
2,661,37.61
2,662,37.99
2,663,37.57
2,664,39.09
2,665,38.34
2,666,37.81
2,667,38.76
2,668,40.33
2,669,38.47
2,670,39.89
2,671,38.95
2,672,39.09
2,673,37.44
2,674,39.03
2,675,38.19
2,676,38.79
2,677,37.44
2,678,37.18
2,679,36.32
2,680,38.45
2,681,36.41
2,682,36.15
2,683,35.75
2,684,32.33
2,685,35.58
2,686,34.74
2,687,34.77
2,688,34.13
2,689,32.84
2,690,33.72
2,691,32.25
2,692,32.47
2,693,32.68
2,694,31.43
2,695,28.1
2,696,30.79
2,697,30.22
2,698,28.8
2,699,28.48
2,700,29.55
2,701,27.82
2,702,27.17
2,703,26.02
2,704,25.86
2,705,24.87
2,706,25.34
2,707,25.25
2,708,25.26
2,709,26.04
2,710,27.24
2,711,27.26
2,712,27.02
2,713,26.83
2,714,27.46
2,715,26.2
2,716,27.19
2,717,27.38
2,718,27.09
2,719,26.45
2,720,26.46
2,721,27.01
2,722,27.24
2,723,27.37
2,724,27.03
2,725,28.25
2,726,27.35
2,727,27.72
2,728,27.98
2,729,28.54
2,730,27.78
2,731,29.43
2,732,27.98
2,733,27.81
2,734,27.76
2,735,27.22
2,736,27.61
2,737,26.88
2,738,26.71
2,739,26.05
2,740,25.5
2,741,25.66
2,742,26.0
2,743,27.2
2,744,25.71
2,745,26.61
2,746,26.73
2,747,25.74
2,748,26.95
2,749,27.43
2,750,26.7
2,751,27.39
2,752,27.07
2,753,26.47
2,754,27.39
2,755,26.32
2,756,26.93
2,757,26.74
2,758,27.94
2,759,27.07
2,760,27.3
2,761,27.52
2,762,27.76
2,763,27.76
2,764,28.28
2,765,27.61
2,766,28.45
2,767,28.72
2,768,27.94
2,769,27.74
2,770,27.52
2,771,26.98
2,772,27.9
2,773,26.75
2,774,26.06
2,775,26.06
2,776,27.56
2,777,27.06
2,778,26.87
2,779,28.12
2,780,28.07
2,781,28.72
2,782,29.09
2,783,29.0
2,784,28.85
2,785,29.34
2,786,29.06
2,787,29.35
2,788,28.84
2,789,29.37
2,790,28.01
2,791,30.33
2,792,28.25
2,793,28.55
2,794,29.29
2,795,27.51
2,796,28.84
2,797,28.12
2,798,26.81
2,799,25.99
2,800,25.38
2,801,27.3
2,802,27.7
2,803,27.8
2,804,28.57
2,805,28.57
2,806,28.57
2,807,28.57
2,808,28.57
2,809,28.57
2,810,28.57
2,811,28.57
2,812,28.57
2,813,28.57
3,0,42.21
3,1,41.6
3,2,37.06
3,3,37.26
3,4,39.29
3,5,36.11
3,6,35.07
3,7,36.16
3,8,35.46
3,9,37.27
3,10,36.92
3,11,36.57
3,12,35.156666666666666
3,13,33.74333333333333
3,14,32.33
3,15,31.51
3,16,29.44
3,17,30.79
3,18,30.06
3,19,29.77
3,20,29.13
3,21,28.78
3,22,30.4
3,23,27.59
3,24,27.53
3,25,27.13
3,26,27.63
3,27,26.32
3,28,25.72
3,29,26.34
3,30,25.0
3,31,22.69
3,32,22.31
3,33,22.22
3,34,23.25
3,35,22.12
3,36,20.56
3,37,21.95
3,38,20.19
3,39,20.46
3,40,18.87
3,41,20.77
3,42,19.84
3,43,21.46
3,44,20.84
3,45,21.75
3,46,21.46
3,47,21.16
3,48,21.62
3,49,21.82
3,50,22.16
3,51,21.34
3,52,22.57
3,53,21.32
3,54,21.65
3,55,22.57
3,56,23.36
3,57,21.02
3,58,22.09
3,59,22.81
3,60,22.95
3,61,22.06
3,62,22.12
3,63,21.69
3,64,21.81
3,65,21.27
3,66,20.36
3,67,20.39
3,68,19.86
3,69,19.08
3,70,18.81
3,71,18.26
3,72,18.91
3,73,18.52
3,74,18.31
3,75,19.18
3,76,18.22
3,77,20.53
3,78,23.34
3,79,19.13
3,80,20.1
3,81,21.03
3,82,20.28
3,83,20.812222222222225
3,84,21.344444444444445
3,85,21.87666666666667
3,86,22.40888888888889
3,87,22.941111111111113
3,88,23.473333333333333
3,89,24.005555555555556
3,90,24.537777777777777
3,91,25.07
3,92,24.41
3,93,24.41
3,94,24.99
3,95,25.59
3,96,25.07
3,97,25.19
3,98,25.29
3,99,25.02
3,100,25.78
3,101,25.67
3,102,25.7
3,103,23.74
3,104,25.2
3,105,25.49
3,106,23.55
3,107,22.98
3,108,23.15
3,109,24.22
3,110,24.68
3,111,26.13
3,112,25.68
3,113,26.8
3,114,26.16
3,115,28.54
3,116,26.36
3,117,26.27
3,118,27.02
3,119,25.7
3,120,26.41
3,121,25.69
3,122,27.42
3,123,26.03
3,124,26.23
3,125,26.51
3,126,25.35
3,127,23.93
3,128,26.84
3,129,26.55
3,130,23.79
3,131,24.47
3,132,24.67
3,133,25.6
3,134,33.49
3,135,24.69
3,136,26.17
3,137,27.72
3,138,26.67
3,139,27.25
3,140,28.19
3,141,28.57
3,142,26.71
3,143,28.36
3,144,28.76
3,145,28.65
3,146,29.83
3,147,28.5
3,148,28.56
3,149,29.19
3,150,28.68
3,151,28.04
3,152,29.02
3,153,28.39
3,154,27.57
3,155,28.25
3,156,28.54
3,157,27.07
3,158,28.44
3,159,27.71
3,160,28.59
3,161,25.09
3,162,26.27
3,163,26.6
3,164,25.99
3,165,25.71
3,166,24.18
3,167,27.75
3,168,25.31
3,169,29.16
3,170,27.11
3,171,27.58
3,172,26.71
3,173,28.15
3,174,28.41
3,175,28.86
3,176,29.44
3,177,29.04
3,178,29.35
3,179,29.5
3,180,29.04
3,181,28.7
3,182,28.88
3,183,28.2
3,184,28.51
3,185,28.86
3,186,29.06
3,187,28.68
3,188,28.58
3,189,27.96
3,190,28.24
3,191,26.9
3,192,27.03
3,193,26.62
3,194,26.37
3,195,26.11
3,196,24.14
3,197,24.38
3,198,24.52
3,199,23.993333333333332
3,200,23.46666666666667
3,201,22.94
3,202,22.44
3,203,22.99
3,204,22.24
3,205,22.16
3,206,21.84
3,207,22.71
3,208,22.81
3,209,21.8
3,210,21.85
3,211,22.1
3,212,22.6
3,213,22.56
3,214,19.84
3,215,23.27
3,216,22.2
3,217,21.42
3,218,21.16
3,219,20.93
3,220,20.24
3,221,21.09
3,222,19.88
3,223,20.5
3,224,19.69
3,225,18.03
3,226,17.81
3,227,21.47
3,228,21.89
3,229,20.38
3,230,20.78
3,231,23.61
3,232,22.12
3,233,23.56
3,234,24.58
3,235,25.15
3,236,24.47
3,237,26.14
3,238,24.43
3,239,26.55
3,240,27.73
3,241,27.52
3,242,26.61
3,243,28.93
3,244,27.56
3,245,27.4
3,246,32.61
3,247,30.03
3,248,30.68
3,249,30.1
3,250,31.34
3,251,31.18
3,252,30.52
3,253,32.55
3,254,31.1
3,255,31.29
3,256,30.92
3,257,33.73
3,258,32.67
3,259,32.83
3,260,32.19
3,261,32.84
3,262,31.58
3,263,32.47
3,264,32.28
3,265,30.86
3,266,33.74
3,267,31.24
3,268,33.0
3,269,31.34
3,270,34.07
3,271,31.5
3,272,30.84
3,273,30.95
3,274,29.51
3,275,29.56
3,276,30.29
3,277,30.23
3,278,31.56
3,279,31.09
3,280,30.42
3,281,30.08
3,282,32.7
3,283,30.87
3,284,32.25
3,285,31.36
3,286,32.29
3,287,32.61
3,288,31.8
3,289,32.6
3,290,32.03
3,291,33.1
3,292,31.64
3,293,29.38
3,294,31.09
3,295,32.25
3,296,33.92
3,297,35.63
3,298,36.19
3,299,36.34
3,300,35.15
3,301,34.14
3,302,34.52
3,303,36.9
3,304,33.13
3,305,36.46
3,306,35.73
3,307,35.855
3,308,35.98
3,309,37.03
3,310,36.71
3,311,33.86
3,312,35.07
3,313,36.09
3,314,37.36
3,315,49.69
3,316,49.69
3,317,49.69
4,0,31.64
4,1,31.64
4,2,31.64
4,3,31.64
4,4,31.64
4,5,31.64
4,6,31.64
4,7,31.64
4,8,31.64
4,9,31.64
4,10,31.64
4,11,31.64
4,12,31.64
4,13,31.64
4,14,31.64
4,15,31.64
4,16,31.64
4,17,31.64
4,18,28.65
4,19,31.17
4,20,31.6
4,21,31.26
4,22,30.25
4,23,32.12
4,24,31.05
4,25,31.64
4,26,30.86
4,27,29.08
4,28,29.54
4,29,31.0
4,30,31.94
4,31,28.77
4,32,30.15
4,33,29.65
4,34,26.87
4,35,28.54
4,36,27.35
4,37,28.02
4,38,27.31
4,39,26.01
4,40,25.98
4,41,25.56
4,42,24.7
4,43,25.98
4,44,24.34
4,45,21.71
4,46,23.65
4,47,23.56
4,48,25.56
4,49,24.62
4,50,26.41
4,51,25.33
4,52,26.01
4,53,25.73
4,54,26.41
4,55,28.77
4,56,27.65
4,57,28.11
4,58,29.27
4,59,29.98
4,60,29.66
4,61,31.32
4,62,30.14
4,63,29.92
4,64,31.58
4,65,32.56
4,66,31.28
4,67,30.9
4,68,31.55
4,69,33.43
4,70,32.16
4,71,32.11
4,72,31.5
4,73,30.33
4,74,31.15
4,75,29.98
4,76,31.43
4,77,32.78
4,78,29.75
4,79,30.12
4,80,29.02
4,81,28.85
4,82,29.05
4,83,27.26
4,84,25.23
4,85,25.79
4,86,25.36
4,87,26.53
4,88,26.46
4,89,27.64
4,90,25.86
4,91,25.75
4,92,26.24
4,93,27.1
4,94,26.4
4,95,26.42
4,96,27.2
4,97,26.98
4,98,26.97
4,99,26.28
4,100,26.72
4,101,27.96
4,102,28.23
4,103,27.74
4,104,27.92
4,105,27.15
4,106,27.97
4,107,28.62
4,108,28.3
4,109,28.61
4,110,28.2
4,111,28.58
4,112,27.87
4,113,27.45
4,114,27.11
4,115,26.97
4,116,26.87
4,117,26.02
4,118,25.18
4,119,23.21
4,120,24.2
4,121,24.82
4,122,23.17
4,123,23.93
4,124,24.21
4,125,24.27
4,126,24.82
4,127,23.63
4,128,23.91
4,129,23.22
4,130,24.88
4,131,25.96
4,132,25.45
4,133,25.16
4,134,26.1
4,135,25.07
4,136,24.87
4,137,25.28
4,138,27.1
4,139,27.66
4,140,28.48
4,141,28.44
4,142,29.58
4,143,29.41
4,144,29.97
4,145,29.19
4,146,29.23
4,147,30.24
4,148,29.94
4,149,29.84
4,150,32.32
4,151,30.84
4,152,30.84
4,153,30.17
4,154,31.7
4,155,30.68
4,156,31.43
4,157,31.35
4,158,34.76
4,159,34.71
4,160,36.13
4,161,35.96
4,162,35.8
4,163,34.2
4,164,37.5
4,165,35.66
4,166,37.73
4,167,36.36
4,168,37.54
4,169,37.11
4,170,36.65
4,171,38.74
4,172,38.06
4,173,38.62
4,174,39.46
4,175,38.97
4,176,37.77
4,177,37.83
4,178,37.51
4,179,38.45
4,180,39.13
4,181,37.91
4,182,37.43
4,183,37.71
4,184,37.84
4,185,36.74
4,186,38.22
4,187,38.09
4,188,36.75
4,189,35.94
4,190,35.91
4,191,33.93
4,192,35.31
4,193,36.36
4,194,33.55
4,195,33.41
4,196,32.74
4,197,31.26
4,198,31.54
4,199,31.07
4,200,30.53
4,201,31.9
4,202,30.9
4,203,30.23
4,204,29.23
4,205,27.65
4,206,26.85
4,207,26.87
4,208,28.23
4,209,26.04
4,210,25.68
4,211,24.95
4,212,25.83
4,213,24.12
4,214,25.38
4,215,26.65
4,216,25.4
4,217,25.64
4,218,26.54
4,219,27.45
4,220,25.96
4,221,26.54
4,222,26.94
4,223,25.56
4,224,29.3
4,225,27.66
4,226,28.25
4,227,28.92
4,228,27.92
4,229,26.12
4,230,27.27
4,231,26.9
4,232,26.85
4,233,28.19
4,234,27.68
4,235,28.75
4,236,28.03
4,237,27.22
4,238,28.27
4,239,28.3
4,240,29.27
4,241,27.99
4,242,28.21
4,243,27.87
4,244,26.87
4,245,27.03
4,246,27.33
4,247,26.01
4,248,26.73
4,249,25.81
4,250,25.76
4,251,25.85
4,252,24.62
4,253,23.12
4,254,23.47
4,255,25.92
4,256,26.62
4,257,27.17
4,258,27.34
4,259,27.42
4,260,28.4
4,261,29.58
4,262,29.65
4,263,29.24
4,264,30.64
4,265,31.78
4,266,32.33
4,267,32.67
4,268,32.82
4,269,34.29
4,270,33.92
4,271,33.84
4,272,35.14
4,273,35.54
4,274,37.28
4,275,35.49
4,276,37.57
4,277,36.83
4,278,37.19
4,279,36.46
4,280,37.33
4,281,36.86
4,282,37.77
4,283,36.78
4,284,38.1
4,285,38.09
4,286,36.97
4,287,37.22
4,288,37.18
4,289,35.8
4,290,37.25
4,291,36.58
4,292,35.7
4,293,37.2
4,294,34.95
4,295,35.25
4,296,33.31
4,297,33.79
4,298,33.72
4,299,32.69
4,300,31.93
4,301,32.03
4,302,32.24
4,303,29.73
4,304,30.07
4,305,30.48
4,306,28.72
4,307,28.22
4,308,27.51
4,309,25.22
4,310,25.94
4,311,26.27
4,312,26.34
4,313,25.62
4,314,23.44
4,315,23.94
4,316,22.73
4,317,21.33
4,318,21.69
4,319,22.91
4,320,22.87
4,321,22.31
4,322,22.54
4,323,22.44
4,324,22.06
4,325,21.94
4,326,19.65
4,327,21.7
4,328,21.2
4,329,21.74
4,330,22.71
4,331,22.75
4,332,23.94
4,333,24.02
4,334,24.0
4,335,25.33
4,336,25.84
4,337,25.89
4,338,27.62
4,339,26.43
4,340,27.79
4,341,27.79
4,342,29.04
4,343,28.89
4,344,28.45
4,345,29.52
4,346,29.1
4,347,29.4
4,348,29.41
4,349,29.54
4,350,30.15
4,351,30.64
4,352,33.18
4,353,35.36
4,354,33.34
4,355,33.7
4,356,32.84
4,357,34.38
4,358,37.3
4,359,36.83
4,360,38.76
4,361,37.72
4,362,39.33
4,363,37.02
4,364,37.06
4,365,40.03
4,366,38.72
4,367,38.8
4,368,39.99
4,369,39.92
4,370,39.14
4,371,39.7
4,372,40.52
4,373,40.78
4,374,40.63
4,375,41.0
4,376,40.37
4,377,39.15
4,378,39.87
4,379,40.01
4,380,39.05
4,381,37.94
4,382,37.51
4,383,35.66
4,384,37.34
4,385,35.48
4,386,34.53
4,387,35.02
4,388,34.84
4,389,35.56
4,390,33.39
4,391,31.78
4,392,34.0
4,393,32.43
4,394,29.78
4,395,30.73
4,396,28.14
4,397,30.26
4,398,28.56
4,399,28.44
4,400,29.23
4,401,29.31
4,402,26.73
4,403,26.66
4,404,26.28
4,405,25.45
4,406,25.98
4,407,24.21
4,408,24.89
4,409,24.31
4,410,23.72
4,411,26.05
4,412,24.65
4,413,25.91
4,414,24.86
4,415,24.41
4,416,24.59
4,417,24.75
4,418,25.57
4,419,25.32
4,420,25.42
4,421,25.3
4,422,25.07
4,423,24.75
4,424,24.41
4,425,23.75
4,426,23.33
4,427,24.07
4,428,23.85
4,429,22.72
4,430,22.86
4,431,21.17
4,432,22.33
4,433,20.98
4,434,20.14
4,435,20.68
4,436,19.55
4,437,20.17
4,438,20.56
4,439,19.27
4,440,19.72
4,441,20.59
4,442,20.98
4,443,19.81
4,444,21.96
4,445,22.0
4,446,22.71
4,447,21.14
4,448,23.41
4,449,23.1
4,450,23.08
4,451,22.48
4,452,24.36
4,453,22.66
4,454,22.6
4,455,23.5
4,456,23.06
4,457,23.35
4,458,23.7
4,459,23.02
4,460,21.18
4,461,23.29
4,462,22.89
4,463,23.4
4,464,23.25
4,465,23.78
4,466,24.56
4,467,24.62
4,468,24.31
4,469,23.96
4,470,23.86
4,471,25.33
4,472,24.905
4,473,24.48
4,474,24.0
4,475,22.98
4,476,24.85
4,477,23.89
4,478,24.16
4,479,22.93
4,480,23.01
4,481,22.59
4,482,22.74
4,483,23.01
4,484,21.53
4,485,23.49
4,486,22.26
4,487,24.28
4,488,22.79
4,489,23.42
4,490,23.8
4,491,24.65
4,492,24.03
4,493,24.24
4,494,24.44
4,495,23.85
4,496,23.74
4,497,23.96
4,498,23.78
4,499,23.2
4,500,23.96
4,501,22.67
4,502,22.59
4,503,22.83
4,504,23.12
4,505,22.0
4,506,23.47
4,507,22.72
4,508,23.35
4,509,23.72
4,510,24.57
4,511,26.09
4,512,25.13
4,513,27.55
4,514,27.561666666666667
4,515,27.573333333333334
4,516,27.585
4,517,27.596666666666668
4,518,27.608333333333334
4,519,27.62
4,520,28.53
4,521,29.35
4,522,30.22
4,523,30.03
4,524,29.92
4,525,30.66
4,526,30.45
4,527,32.02
4,528,31.442727272727275
4,529,30.865454545454547
4,530,30.288181818181823
4,531,29.710909090909094
4,532,29.133636363636366
4,533,28.55636363636364
4,534,27.97909090909091
4,535,27.401818181818186
4,536,26.824545454545458
4,537,26.24727272727273
4,538,25.67
4,539,25.52
4,540,23.77
4,541,25.01
4,542,23.27
4,543,23.11
4,544,22.56
4,545,22.77
4,546,21.63
4,547,21.52
4,548,21.33
4,549,19.0
4,550,19.33
4,551,20.84
4,552,19.68
4,553,19.27
4,554,16.16
4,555,17.84
4,556,17.75
4,557,18.8
4,558,17.4
4,559,19.49
4,560,18.39
4,561,18.89
4,562,19.54
4,563,19.8
4,564,19.6
4,565,19.48
4,566,20.06
4,567,19.39
4,568,22.31
4,569,21.73
4,570,22.24
4,571,23.27
4,572,22.72
4,573,22.5
4,574,24.63
4,575,24.84
4,576,24.63
4,577,26.29
4,578,25.57
4,579,27.64
4,580,27.54
4,581,27.02
4,582,28.16
4,583,28.93
4,584,28.78
4,585,30.66
4,586,30.85
4,587,31.22
4,588,32.07
4,589,32.26
4,590,33.53
4,591,33.92
4,592,33.88
4,593,34.51
4,594,35.27
4,595,33.61
4,596,35.96
4,597,35.2
4,598,36.33
4,599,36.67
4,600,37.29
4,601,36.53
4,602,37.02
4,603,37.54
4,604,37.37
4,605,38.02
4,606,37.42
4,607,35.99
4,608,37.25
4,609,37.41
4,610,36.6
4,611,36.3
4,612,37.22
4,613,34.63
4,614,35.47
4,615,31.2
4,616,34.43
4,617,32.76
4,618,29.99
4,619,31.99
4,620,31.0
4,621,31.77
4,622,31.38
4,623,30.67
4,624,29.18
4,625,28.63
4,626,29.3
4,627,28.85
4,628,27.4
4,629,26.87
4,630,25.99
4,631,25.79
4,632,24.64
4,633,25.79
4,634,24.84
4,635,25.27
4,636,25.51
4,637,23.88
4,638,25.39
4,639,25.22
4,640,26.92
4,641,26.99
4,642,27.63
4,643,27.26
4,644,28.73
4,645,28.25
4,646,29.27166666666667
4,647,30.293333333333333
4,648,31.315
4,649,32.336666666666666
4,650,33.358333333333334
4,651,34.38
4,652,33.01
4,653,32.62
4,654,35.4
4,655,33.9
4,656,37.01
4,657,34.77
4,658,35.25
4,659,36.21
4,660,36.48
4,661,38.67
4,662,38.61
4,663,38.86
4,664,37.56
4,665,38.8
4,666,39.08
4,667,38.9
4,668,39.7
4,669,40.48
4,670,38.87
4,671,38.99
4,672,39.25
4,673,40.04
4,674,39.53
4,675,39.41
4,676,39.25
4,677,37.45
4,678,39.38
4,679,37.28
4,680,40.22
4,681,38.38
4,682,37.52
4,683,37.45
4,684,35.96
4,685,35.05
4,686,34.57
4,687,35.01
4,688,33.46
4,689,34.21
4,690,31.42
4,691,32.89
4,692,31.64
4,693,31.49
4,694,31.64
4,695,29.78
4,696,29.91
4,697,28.09
4,698,28.5
4,699,28.03
4,700,29.71
4,701,28.99
4,702,27.08
4,703,27.86
4,704,28.19
4,705,27.06
4,706,27.01
4,707,29.16
4,708,30.49
4,709,30.33
4,710,31.54
4,711,31.2
4,712,31.09
4,713,30.71
4,714,31.81
4,715,30.37
4,716,30.08
4,717,33.23
4,718,31.37
4,719,31.8
4,720,32.11
4,721,31.42
4,722,34.23
4,723,32.29
4,724,34.28
4,725,34.44
4,726,33.47
4,727,34.23
4,728,32.75
4,729,33.74
4,730,32.61
4,731,32.4
4,732,32.84
4,733,32.11
4,734,31.71
4,735,31.56
4,736,31.51
4,737,30.8
4,738,29.85
4,739,30.23
4,740,30.48
4,741,28.77
4,742,27.99
4,743,27.56
4,744,27.47
4,745,26.18
4,746,26.59
4,747,28.15
4,748,25.8
4,749,27.07
4,750,26.02
4,751,25.71
4,752,26.75
4,753,26.48
4,754,26.52
4,755,27.99
4,756,27.43
4,757,29.74
4,758,29.625
4,759,29.51
4,760,29.15
4,761,33.27
4,762,31.41
4,763,32.09
4,764,31.21
4,765,33.12
4,766,33.03
4,767,31.88
4,768,35.11
4,769,34.9
4,770,33.64
4,771,36.42
4,772,34.48
4,773,34.86
4,774,36.12
4,775,35.57
4,776,37.94
4,777,36.46
4,778,38.61
4,779,35.72
4,780,38.02
4,781,38.27
4,782,36.52
4,783,37.45
4,784,38.6
4,785,38.02
4,786,38.09
4,787,35.34
4,788,36.68
4,789,37.26
4,790,36.54
4,791,37.14
4,792,37.53
4,793,37.6
4,794,36.11
4,795,35.31
4,796,36.5
4,797,35.58
4,798,34.66
4,799,31.86
4,800,33.34
4,801,31.26
4,802,32.02
4,803,29.15
4,804,28.215
4,805,27.28
4,806,27.62
4,807,28.49
4,808,28.33
4,809,30.6
4,810,30.19
4,811,29.2
4,812,30.21
4,813,29.69
4,814,32.73
4,815,32.47
4,816,34.23
4,817,32.73
4,818,35.23
4,819,33.31
4,820,36.57
4,821,34.38
4,822,36.52
4,823,36.8
4,824,37.36
4,825,37.01
4,826,35.84
4,827,39.19
4,828,38.37
4,829,38.43
4,830,35.92
4,831,38.53
4,832,38.13
4,833,38.81
4,834,38.8
4,835,38.1
4,836,39.13
4,837,38.67
4,838,36.95
4,839,38.36
4,840,38.91
4,841,38.85
4,842,37.08
4,843,37.28
4,844,37.51
4,845,36.72
4,846,38.27
4,847,39.78
4,848,38.23
4,849,35.12
4,850,39.21
4,851,38.4
4,852,38.34
4,853,39.78
4,854,38.32
4,855,39.59
4,856,39.53
4,857,39.77
4,858,40.23
4,859,38.91
4,860,39.56
4,861,38.31
4,862,39.14
4,863,38.33
4,864,38.0
4,865,37.3
4,866,36.99
4,867,35.47
4,868,35.07
4,869,36.11
4,870,36.61
4,871,35.19
4,872,34.69142857142857
4,873,34.19285714285714
4,874,33.69428571428571
4,875,33.19571428571428
4,876,32.69714285714286
4,877,32.19857142857143
4,878,31.7
4,879,31.38
4,880,31.06
4,881,30.740000000000002
4,882,30.42
4,883,30.1
4,884,29.78
4,885,28.92
4,886,26.93
4,887,28.22
4,888,26.24
4,889,27.47
4,890,26.39
4,891,26.18
4,892,25.45
4,893,26.15
4,894,24.36
4,895,22.89
4,896,24.22
4,897,23.5
4,898,23.8
4,899,23.12
4,900,22.35
4,901,21.81
4,902,20.53
4,903,21.25
4,904,21.77
4,905,19.16
4,906,17.38
4,907,18.62
4,908,18.31
4,909,19.21
4,910,17.21
4,911,19.05
4,912,17.27
4,913,18.23
4,914,15.64
4,915,17.12
4,916,14.62
4,917,17.09
4,918,17.06
4,919,17.65
4,920,17.93
4,921,17.13
4,922,18.27
4,923,18.74
4,924,19.34
4,925,20.34
4,926,20.57
4,927,20.69
4,928,21.48
4,929,22.21
4,930,22.63
4,931,22.55
4,932,23.63
4,933,23.29
4,934,24.35
4,935,25.29
4,936,25.16
4,937,25.75
4,938,26.38
4,939,26.3
4,940,27.04
4,941,27.52
4,942,27.54
4,943,27.88
4,944,30.99
4,945,30.86
4,946,31.53
4,947,30.33
4,948,33.87
4,949,32.56
4,950,33.17
4,951,33.7
4,952,36.66
4,953,35.45
4,954,35.5
4,955,37.2
4,956,36.67
4,957,38.6
4,958,38.89
4,959,38.67
4,960,39.9
4,961,40.06
4,962,41.82
4,963,41.89
4,964,41.95
4,965,42.65
4,966,42.99
4,967,43.06
4,968,43.14
4,969,44.21
4,970,43.58
4,971,44.3
4,972,44.58
4,973,44.58
4,974,45.39
4,975,45.17
4,976,44.32
4,977,45.6
4,978,44.83
4,979,44.93
4,980,45.78
4,981,45.11833333333333
4,982,44.45666666666667
4,983,43.795
4,984,43.13333333333333
4,985,42.47166666666667
4,986,41.81
4,987,41.14833333333333
4,988,40.48666666666667
4,989,39.825
4,990,39.163333333333334
4,991,38.50166666666667
4,992,37.84
4,993,36.94
4,994,37.02
4,995,35.07
4,996,34.26
4,997,34.29
4,998,32.69
4,999,33.99
4,1000,33.72
4,1001,32.8
4,1002,31.77
4,1003,29.02
4,1004,29.63
4,1005,30.75
4,1006,28.54
4,1007,27.68
4,1008,27.28
4,1009,26.65
4,1010,25.54
4,1011,26.19
4,1012,24.46
4,1013,25.24
4,1014,25.05
4,1015,25.39
4,1016,24.58
4,1017,25.15
4,1018,24.22
4,1019,25.93
4,1020,20.82
4,1021,22.7
4,1022,24.65
4,1023,24.27
4,1024,23.56
4,1025,25.74
4,1026,24.1
4,1027,24.87
4,1028,24.69
4,1029,24.83
4,1030,24.92
4,1031,25.26
4,1032,24.65
4,1033,25.46
4,1034,26.61
4,1035,26.41
4,1036,28.12
4,1037,29.05
4,1038,29.06
4,1039,28.25
4,1040,26.97
4,1041,28.34
4,1042,28.58
4,1043,28.43
4,1044,29.38
4,1045,29.35
4,1046,29.36
4,1047,29.7
4,1048,28.62
4,1049,28.7
4,1050,27.58
4,1051,26.62
4,1052,27.78
4,1053,28.12
4,1054,26.9
4,1055,26.69
4,1056,25.28
4,1057,25.97
4,1058,27.29
4,1059,25.78
4,1060,27.09
4,1061,28.36
4,1062,27.71
4,1063,28.8
4,1064,28.2
4,1065,29.39
4,1066,28.85
4,1067,30.2
4,1068,30.2
4,1069,30.9
4,1070,31.9
4,1071,33.95
4,1072,30.76
4,1073,33.71
4,1074,33.68
4,1075,35.26
4,1076,34.3
4,1077,34.91
4,1078,36.05
4,1079,34.98
4,1080,33.9
4,1081,35.82
4,1082,36.16
4,1083,38.07
4,1084,37.63
4,1085,36.31
4,1086,38.1
4,1087,36.55
4,1088,36.59
4,1089,37.94
4,1090,37.81
4,1091,36.8
4,1092,34.71
4,1093,34.56
4,1094,36.02
4,1095,36.07
4,1096,36.08166666666666
4,1097,36.093333333333334
4,1098,36.105000000000004
4,1099,36.11666666666667
4,1100,36.12833333333333
4,1101,36.14
4,1102,31.29
4,1103,33.02
4,1104,31.73
4,1105,33.0
4,1106,30.39
4,1107,31.39
4,1108,30.34
4,1109,29.58
4,1110,29.61
4,1111,30.75
4,1112,29.41
4,1113,30.17
4,1114,29.24
4,1115,30.83
4,1116,30.38
4,1117,30.67
4,1118,32.24
4,1119,32.09
4,1120,30.22
4,1121,32.5
4,1122,31.03
4,1123,32.1
4,1124,32.51
4,1125,30.4
4,1126,30.9
4,1127,31.32
4,1128,30.79
4,1129,31.46
4,1130,30.75
4,1131,30.31
4,1132,30.17
4,1133,28.71
4,1134,29.57
4,1135,28.11
4,1136,28.46
4,1137,27.81
4,1138,27.49
4,1139,26.59
4,1140,27.2
4,1141,26.62
4,1142,24.95
4,1143,25.03
4,1144,24.82
4,1145,23.81
4,1146,23.78
4,1147,23.36
4,1148,23.22
4,1149,22.41
4,1150,22.6
4,1151,21.25
4,1152,20.57
4,1153,18.95
4,1154,19.96
4,1155,20.365000000000002
4,1156,20.77
4,1157,16.88
4,1158,16.82
4,1159,18.03
4,1160,17.83
4,1161,17.63
4,1162,17.57
4,1163,16.2
4,1164,17.89
4,1165,17.19
4,1166,15.91
4,1167,16.78
4,1168,17.63
4,1169,18.19
4,1170,17.43
4,1171,19.03
4,1172,18.69
4,1173,19.41
4,1174,20.76
4,1175,21.08
4,1176,21.54
4,1177,21.81
4,1178,22.49
4,1179,22.7
4,1180,23.25
4,1181,24.8
4,1182,24.15
4,1183,24.88
4,1184,25.68
4,1185,26.79
4,1186,26.98
4,1187,27.65
4,1188,27.35
4,1189,28.16
4,1190,29.36
4,1191,29.22
4,1192,30.27
4,1193,29.8
4,1194,30.96
4,1195,30.44
4,1196,31.7
4,1197,33.32
4,1198,32.67
4,1199,32.31
4,1200,34.26
4,1201,35.27
4,1202,35.54
4,1203,34.89
4,1204,35.79
4,1205,35.81
4,1206,36.09
4,1207,36.40428571428572
4,1208,36.71857142857143
4,1209,37.03285714285715
4,1210,37.347142857142856
4,1211,37.66142857142857
4,1212,37.97571428571428
4,1213,38.29
4,1214,37.92
4,1215,37.99
4,1216,38.01
4,1217,38.0
4,1218,37.16
4,1219,36.58
4,1220,37.06
4,1221,37.27
4,1222,35.37
4,1223,35.03
4,1224,37.23
4,1225,35.06
4,1226,33.91
4,1227,32.59
4,1228,32.74
4,1229,33.31
4,1230,32.41
4,1231,33.22
4,1232,32.64
4,1233,29.71
4,1234,30.48
4,1235,28.86
4,1236,28.49
4,1237,28.51
4,1238,27.2
4,1239,27.11
4,1240,27.05
4,1241,26.07
4,1242,27.54
4,1243,28.21333333333333
4,1244,28.886666666666667
4,1245,29.56
4,1246,26.92
4,1247,28.66
4,1248,29.54
4,1249,31.6
4,1250,29.77
4,1251,31.77
4,1252,32.68
4,1253,33.28
4,1254,31.16
4,1255,31.97
4,1256,31.78
4,1257,30.81
4,1258,32.1
4,1259,32.09
4,1260,31.14
4,1261,29.85
4,1262,30.86
4,1263,31.59
4,1264,30.21
4,1265,30.64
4,1266,30.3
4,1267,29.0
4,1268,29.29
4,1269,29.29
4,1270,27.97
4,1271,25.98
4,1272,27.75
4,1273,26.54
4,1274,26.6
4,1275,25.73
4,1276,25.15
4,1277,25.81
4,1278,27.13
4,1279,26.24
4,1280,26.23
4,1281,26.87
4,1282,27.93
4,1283,27.91
4,1284,27.63
4,1285,27.69
4,1286,27.87
4,1287,27.91
4,1288,28.25
4,1289,27.43
4,1290,26.8
4,1291,28.04
4,1292,26.11
4,1293,26.16
4,1294,26.37
4,1295,26.52
4,1296,24.89
4,1297,25.41
4,1298,24.54
4,1299,24.57
4,1300,22.52
4,1301,23.26
4,1302,21.99
4,1303,22.57
4,1304,23.57
4,1305,23.17
4,1306,25.3
4,1307,25.05
4,1308,20.79
4,1309,26.42
4,1310,27.1
4,1311,26.72
4,1312,26.13
4,1313,27.75
4,1314,28.52
4,1315,30.14
4,1316,29.06
4,1317,29.47
4,1318,30.34
4,1319,31.44
4,1320,31.27
4,1321,31.8
4,1322,30.09
4,1323,32.91
4,1324,32.01
4,1325,32.74
4,1326,32.33
4,1327,33.39
4,1328,32.52
4,1329,33.45
4,1330,34.12
4,1331,32.96
4,1332,33.06
4,1333,32.57
4,1334,32.68
4,1335,32.43
4,1336,31.99
4,1337,32.05
4,1338,32.03
4,1339,31.44
4,1340,31.59
4,1341,29.85
4,1342,29.82
4,1343,31.5
4,1344,31.66
4,1345,30.44
4,1346,27.87
4,1347,27.27
4,1348,26.47
4,1349,26.83
4,1350,26.95
4,1351,25.43
4,1352,25.15
4,1353,24.26
4,1354,24.53
4,1355,25.56
4,1356,25.32
4,1357,27.58
4,1358,26.59
4,1359,27.35
4,1360,27.99
4,1361,27.18
4,1362,27.67
4,1363,27.77
4,1364,28.53
4,1365,28.89
4,1366,27.97
4,1367,28.72
4,1368,27.28
4,1369,28.38
4,1370,28.77
4,1371,29.17
4,1372,29.41
4,1373,28.92
4,1374,28.76
4,1375,28.66
4,1376,28.65
4,1377,26.04
4,1378,26.74
4,1379,26.84
4,1380,26.77
4,1381,26.9
4,1382,25.61
4,1383,26.27
4,1384,26.21
4,1385,26.74
4,1386,27.17
4,1387,27.33
4,1388,27.37
4,1389,27.4
4,1390,28.5
4,1391,29.42
4,1392,28.76
4,1393,27.85
4,1394,28.34
4,1395,28.83
4,1396,28.69
4,1397,28.21
4,1398,27.47
4,1399,27.88
4,1400,27.51
4,1401,29.35
4,1402,27.94
4,1403,26.45
4,1404,27.4
4,1405,27.58
4,1406,28.84
4,1407,28.44
4,1408,30.16
4,1409,29.47
4,1410,30.18
4,1411,31.66
4,1412,30.46
4,1413,31.55
4,1414,32.2
4,1415,32.53
4,1416,33.81
4,1417,33.84
4,1418,32.22
4,1419,34.12
4,1420,33.96
4,1421,34.07
4,1422,34.78
4,1423,34.02
4,1424,34.97
4,1425,32.74
4,1426,33.89
4,1427,33.53
4,1428,33.42
4,1429,34.0
4,1430,33.44
4,1431,33.5
4,1432,32.5
4,1433,33.63
4,1434,31.88
4,1435,31.34
4,1436,31.26
4,1437,30.67
4,1438,29.89
4,1439,28.63
4,1440,27.49
4,1441,28.37
4,1442,27.7
4,1443,27.53
4,1444,25.5
4,1445,26.38
4,1446,25.1
4,1447,26.35
4,1448,25.88
4,1449,25.64
4,1450,26.6
4,1451,25.36
4,1452,25.79
4,1453,25.86
4,1454,25.84
4,1455,27.27
4,1456,24.78
4,1457,26.09
4,1458,26.49
4,1459,24.19
4,1460,25.57
4,1461,26.33
4,1462,26.75
4,1463,26.5
4,1464,27.89
4,1465,26.72
4,1466,28.44
4,1467,28.55
4,1468,27.2
4,1469,29.1
4,1470,29.03
4,1471,29.67
4,1472,29.95
4,1473,28.59
4,1474,29.64
4,1475,29.9
4,1476,29.64
4,1477,27.01
4,1478,28.95
4,1479,29.55
4,1480,28.64
4,1481,28.54
4,1482,28.35
4,1483,28.73
4,1484,27.73
4,1485,27.79
4,1486,27.99
4,1487,26.58
4,1488,26.27
4,1489,26.83
4,1490,26.84
4,1491,28.02
4,1492,27.85
4,1493,28.32
4,1494,27.44
4,1495,28.34
4,1496,28.11
4,1497,27.55
4,1498,27.86
4,1499,28.19
4,1500,27.35
4,1501,27.7
4,1502,27.86
4,1503,28.53
4,1504,27.49
4,1505,28.71
4,1506,30.42
4,1507,28.61
4,1508,28.71
4,1509,30.44
4,1510,29.61
4,1511,30.55
4,1512,31.3
4,1513,31.67
4,1514,30.79
4,1515,32.77
4,1516,32.95
4,1517,30.27
4,1518,31.88
4,1519,29.47
4,1520,31.11
4,1521,31.21
4,1522,32.1
4,1523,32.1
4,1524,32.1
4,1525,32.1
4,1526,32.1
4,1527,32.1
4,1528,32.1
4,1529,32.1
4,1530,32.1
4,1531,32.1
4,1532,32.1
5,0,47.0
5,1,47.0
5,2,47.0
5,3,47.0
5,4,47.0
5,5,47.0
5,6,47.0
5,7,37.31
5,8,37.48
5,9,34.46
5,10,35.69
5,11,35.33
5,12,36.21
5,13,37.15
5,14,35.95
5,15,37.26
5,16,36.91
5,17,36.66
5,18,34.93
5,19,34.35
5,20,35.175
5,21,36.0
5,22,35.45
5,23,35.59
5,24,35.77
5,25,36.19
5,26,35.43
5,27,35.52
5,28,36.15
5,29,34.32
5,30,34.82
5,31,33.71
5,32,34.27
5,33,32.06
5,34,34.29
5,35,32.51
5,36,31.44
5,37,30.33
5,38,30.11
5,39,29.73
5,40,29.97
5,41,27.79
5,42,29.07
5,43,27.72
5,44,27.01
5,45,27.02
5,46,26.4
5,47,25.02
5,48,25.09
5,49,25.83
5,50,24.93
5,51,23.91
5,52,24.45
5,53,23.31
5,54,24.11
5,55,23.2
5,56,21.04
5,57,21.9
5,58,21.34
5,59,20.51
5,60,20.26
5,61,20.19
5,62,18.82
5,63,20.49
5,64,21.02
5,65,21.69
5,66,20.64
5,67,21.73
5,68,21.67
5,69,22.3
5,70,21.56
5,71,21.66
5,72,22.01
5,73,22.66
5,74,22.56
5,75,22.33
5,76,21.56
5,77,21.68
5,78,21.32
5,79,22.08
5,80,22.1
5,81,20.12
5,82,20.16
5,83,19.65
5,84,20.48
5,85,19.39
5,86,19.66
5,87,18.86
5,88,19.04
5,89,18.27
5,90,17.11
5,91,16.72
5,92,18.03
5,93,18.04
5,94,14.72
5,95,16.54
5,96,18.29
5,97,18.31
5,98,17.89
5,99,18.26
5,100,19.49
5,101,19.9
5,102,20.63
5,103,18.76
5,104,19.78
5,105,19.78
5,106,20.49
5,107,19.87
5,108,19.86
5,109,19.42
5,110,22.28
5,111,22.82
5,112,23.23
5,113,24.77
5,114,25.01
5,115,24.89
5,116,28.02
5,117,28.5
5,118,28.36
5,119,29.72
5,120,28.89
5,121,28.29
5,122,28.36
5,123,29.51
5,124,29.89
5,125,29.94
5,126,28.93
5,127,29.48
5,128,29.28
5,129,28.99
5,130,29.58
5,131,28.9
5,132,29.28
5,133,29.01
5,134,28.34
5,135,28.12
5,136,27.56
5,137,28.07
5,138,27.28
5,139,26.2
5,140,25.44
5,141,23.86
5,142,22.86
5,143,23.51
5,144,23.49
5,145,22.83
5,146,22.59
5,147,22.45
5,148,23.16
5,149,22.9
5,150,24.4
5,151,23.09
5,152,23.47
5,153,24.39
5,154,23.55
5,155,23.15
5,156,23.67
5,157,24.57
5,158,23.7
5,159,23.96
5,160,24.12
5,161,23.72
5,162,23.49
5,163,22.82
5,164,23.04
5,165,24.31
5,166,22.33
5,167,23.19
5,168,22.87
5,169,22.19
5,170,21.42
5,171,20.55
5,172,21.07
5,173,22.1
5,174,21.83
5,175,21.85
5,176,21.94
5,177,22.66
5,178,22.7
5,179,22.23
5,180,24.09
5,181,24.91
5,182,23.26
5,183,24.05
5,184,24.88
5,185,25.26
5,186,25.05
5,187,25.08
5,188,24.02
5,189,23.99
5,190,24.66
5,191,25.44
5,192,24.76
5,193,26.83
5,194,27.25
5,195,27.84
5,196,28.15
5,197,27.46
5,198,28.94
5,199,29.09
5,200,28.45
5,201,28.52
5,202,29.05
5,203,28.52
5,204,29.69
5,205,28.72
5,206,29.88
5,207,28.94
5,208,28.95
5,209,28.57
5,210,28.44
5,211,28.08
5,212,29.57
5,213,27.42
5,214,27.99
5,215,29.86
5,216,30.83
5,217,30.04
5,218,31.94
5,219,32.15
5,220,32.74
5,221,32.27
5,222,31.79
5,223,33.22
5,224,34.91
5,225,33.82
5,226,36.87
5,227,35.09
5,228,34.28
5,229,36.36
5,230,36.67
5,231,35.95
5,232,36.47
5,233,36.12
5,234,35.92
5,235,36.46
5,236,36.47
5,237,36.56
5,238,37.12
5,239,36.31
5,240,36.42
5,241,37.26
5,242,37.04
5,243,35.97
5,244,34.25
5,245,34.7
5,246,32.56
5,247,31.53
5,248,33.85
5,249,34.79
5,250,31.07
5,251,30.8
5,252,31.73
5,253,30.95
5,254,31.2
5,255,30.5
5,256,30.38
5,257,28.52
5,258,30.93
5,259,30.34
5,260,30.27
5,261,29.5
5,262,29.1
5,263,29.06
5,264,29.46
5,265,28.62
5,266,29.68
5,267,30.36
5,268,31.11
5,269,28.38
5,270,29.54
5,271,29.73
5,272,29.66
5,273,28.92
5,274,26.9
5,275,26.91
5,276,28.01
5,277,27.44
5,278,24.43
5,279,24.1
5,280,24.83
5,281,24.13
5,282,23.61
5,283,24.84
5,284,24.4
5,285,25.56
5,286,24.0
5,287,23.58
5,288,23.48
5,289,23.95
5,290,25.26
5,291,25.72
5,292,25.55
5,293,26.54
5,294,26.62
5,295,26.67
5,296,26.46
5,297,26.67
5,298,26.95
5,299,27.31
5,300,27.05
5,301,26.75
5,302,26.52
5,303,27.37
5,304,26.34
5,305,26.74
5,306,26.42
5,307,25.04
5,308,26.01
5,309,26.21
5,310,25.3
5,311,24.58
5,312,23.02
5,313,24.38
5,314,24.3
5,315,24.13
5,316,22.57
5,317,23.03
5,318,24.26
5,319,24.14
5,320,24.49
5,321,24.52
5,322,26.77
5,323,25.42
5,324,25.2
5,325,25.04
5,326,25.51
5,327,26.76
5,328,28.16
5,329,27.61
5,330,27.71
5,331,27.6
5,332,27.43
5,333,28.0
5,334,26.26
5,335,30.34
5,336,28.06
5,337,26.1
5,338,27.4
5,339,27.22
5,340,27.26
5,341,25.86
5,342,26.04
5,343,27.38
5,344,27.49
5,345,25.37
5,346,25.1
5,347,23.81
5,348,24.99
5,349,25.34
5,350,25.46
5,351,23.18
5,352,22.54
5,353,23.79
5,354,24.09
5,355,23.63
5,356,23.97
5,357,25.46
5,358,25.28
5,359,25.11
5,360,25.5
5,361,27.53
5,362,26.46
5,363,27.29
5,364,29.12
5,365,30.01
5,366,28.64
5,367,28.95
5,368,29.99
5,369,31.51
5,370,31.42
5,371,29.85
5,372,31.49
5,373,31.74
5,374,32.5
5,375,32.08
5,376,34.6
5,377,32.38
5,378,33.19
5,379,32.81
5,380,33.24
5,381,32.12
5,382,30.99
5,383,32.27
5,384,34.77
5,385,32.17
5,386,34.48
5,387,32.38
5,388,32.34
5,389,32.44
5,390,31.84
5,391,31.54
5,392,30.64
5,393,30.49
5,394,30.82
5,395,30.42
5,396,29.21
5,397,28.65
5,398,28.01
5,399,27.06
5,400,25.1
5,401,24.13
5,402,25.17
5,403,26.75
5,404,25.55
5,405,25.15
5,406,25.31
5,407,24.27
5,408,24.85
5,409,25.21
5,410,26.18
5,411,26.54
5,412,25.61
5,413,26.47
5,414,26.37
5,415,27.38
5,416,27.2
5,417,27.72
5,418,26.79
5,419,27.72
5,420,28.48
5,421,27.35
5,422,27.65
5,423,27.56
5,424,27.55
5,425,27.98
5,426,28.04
5,427,27.05
5,428,27.29
5,429,26.67
5,430,26.07
5,431,25.36
5,432,26.11
5,433,24.78
5,434,24.54
5,435,24.55
5,436,23.6
5,437,25.7
5,438,24.25
5,439,24.04
5,440,22.87
5,441,24.57
5,442,25.11
5,443,26.037142857142857
5,444,26.964285714285715
5,445,27.89142857142857
5,446,28.818571428571428
5,447,29.745714285714286
5,448,30.672857142857143
5,449,31.6
5,450,32.04
5,451,33.18
5,452,35.19
5,453,35.11
5,454,33.88
5,455,34.59
5,456,35.16
5,457,37.29
5,458,36.14
5,459,36.55
5,460,35.56
5,461,36.58
5,462,37.85
5,463,37.63
5,464,38.96
5,465,38.05
5,466,38.95
5,467,37.58
5,468,38.21
5,469,37.57
5,470,37.65
5,471,38.69
5,472,37.53
5,473,37.03
5,474,35.23
5,475,34.75
5,476,37.58
5,477,35.9
5,478,35.1
5,479,37.12
5,480,36.27
5,481,35.66
5,482,34.33
5,483,32.17
5,484,33.57
5,485,33.36
5,486,30.6
5,487,30.98
5,488,29.3
5,489,29.21
5,490,30.55
5,491,29.95
5,492,29.93
5,493,29.008333333333333
5,494,28.086666666666666
5,495,27.165
5,496,26.243333333333332
5,497,25.321666666666665
5,498,24.4
5,499,26.28
5,500,25.7
5,501,25.3
5,502,26.31
5,503,26.42
5,504,27.55
5,505,27.28
5,506,28.17
5,507,28.48
5,508,28.58
5,509,27.81
5,510,29.31
5,511,28.76
5,512,27.79
5,513,29.99
5,514,29.99
5,515,29.43
5,516,30.19
5,517,31.15
5,518,31.02
5,519,29.35
5,520,30.98
5,521,32.36
5,522,32.63
5,523,33.84
5,524,31.43
5,525,33.15
5,526,34.45
5,527,35.45
5,528,34.53
5,529,37.0
5,530,33.54
5,531,33.79
5,532,34.27
5,533,34.66
5,534,34.59
5,535,35.12
5,536,34.6
5,537,35.09
5,538,37.69
5,539,33.38
5,540,34.02
5,541,32.46
5,542,34.0
5,543,33.67
5,544,32.4
5,545,31.49
5,546,31.67
5,547,31.72
5,548,32.19
5,549,32.01
5,550,30.84
5,551,30.91
5,552,30.63
5,553,32.33
5,554,31.3
5,555,32.12
5,556,32.01
5,557,31.88
5,558,34.79
5,559,32.53
5,560,32.49
5,561,32.25
5,562,32.94
5,563,33.75
5,564,31.94
5,565,32.12
5,566,33.56
5,567,32.23
5,568,33.74
5,569,37.42
5,570,35.37
5,571,35.37
5,572,35.37
5,573,35.37
5,574,35.37
5,575,35.37
5,576,35.37
5,577,35.37
6,0,54.38
6,1,54.38
6,2,54.38
6,3,54.38
6,4,54.38
6,5,52.99
6,6,32.96
6,7,33.125
6,8,33.29
6,9,33.455
6,10,33.620000000000005
6,11,33.785000000000004
6,12,33.95
6,13,34.115
6,14,34.28
6,15,31.89
6,16,35.4
6,17,33.94
6,18,32.03
6,19,33.08
6,20,30.25
6,21,31.27
6,22,32.66
6,23,32.23
6,24,31.77
6,25,31.88
6,26,33.49
6,27,33.04
6,28,31.35
6,29,31.44
6,30,30.9
6,31,31.74
6,32,29.08
6,33,31.63
6,34,30.17
6,35,28.43
6,36,32.55
6,37,30.75
6,38,32.18
6,39,33.43
6,40,33.54
6,41,32.09
6,42,32.03
6,43,33.23
6,44,31.66
6,45,33.08
6,46,34.72
6,47,33.28
6,48,34.74
6,49,33.86
6,50,33.77
6,51,32.9
6,52,33.99
6,53,33.77
6,54,30.78
6,55,31.9
6,56,32.81
6,57,32.69
6,58,32.55
6,59,31.03
6,60,31.73
6,61,30.1
6,62,29.71
6,63,29.77
6,64,29.4
6,65,27.47
6,66,30.13
6,67,28.0
6,68,26.77
6,69,29.85
6,70,28.47
6,71,27.56
6,72,30.03
6,73,31.87
6,74,28.94
6,75,28.67
6,76,33.42
6,77,32.04
6,78,30.12
6,79,32.79
6,80,33.37
6,81,33.73
6,82,33.82
6,83,31.62
6,84,33.27
6,85,33.75
6,86,31.68
6,87,34.12
6,88,32.07
6,89,32.5
6,90,33.39
6,91,33.27
6,92,31.75
6,93,31.59
6,94,31.63
6,95,31.13
6,96,30.21
6,97,30.65
6,98,29.15
6,99,30.08
6,100,29.39
6,101,27.15
6,102,26.38
6,103,26.91
6,104,25.64
6,105,26.15
6,106,25.75
6,107,24.08
6,108,24.54
6,109,24.28
6,110,24.14
6,111,24.13
6,112,24.55
6,113,23.47
6,114,21.73
6,115,23.39
6,116,21.07
6,117,23.38
6,118,21.2
6,119,21.04
6,120,21.96
6,121,21.5
6,122,22.56
6,123,21.26
6,124,21.23
6,125,20.75
6,126,22.31
6,127,21.24
6,128,21.87
6,129,23.18
6,130,24.39
6,131,23.28
6,132,22.75
6,133,22.71
6,134,23.04
6,135,23.05
6,136,22.82
6,137,24.45
6,138,24.91142857142857
6,139,25.372857142857143
6,140,25.834285714285713
6,141,26.295714285714286
6,142,26.757142857142856
6,143,27.21857142857143
6,144,27.68
6,145,27.94
6,146,27.53
6,147,28.67
6,148,26.88
6,149,27.18
6,150,28.33
6,151,27.95
6,152,26.48
6,153,26.75
6,154,26.29
6,155,25.98
6,156,26.07
6,157,25.75
6,158,24.24
6,159,25.14
6,160,24.75
6,161,23.99
6,162,24.22
6,163,24.16
6,164,24.06
6,165,22.87
6,166,20.23
6,167,20.96
6,168,19.6
6,169,19.11
6,170,20.5
6,171,20.77
6,172,20.3
6,173,20.7
6,174,22.07
6,175,21.54
6,176,21.83
6,177,22.01
6,178,21.97
6,179,26.7
6,180,21.63
6,181,21.84
6,182,21.0
6,183,21.42
6,184,22.14
6,185,20.58
6,186,21.15
6,187,21.69
6,188,20.48
6,189,21.43
6,190,19.43
6,191,20.03
6,192,18.82
6,193,16.89
6,194,18.73
6,195,18.17
6,196,19.09
6,197,15.07
6,198,14.93
6,199,15.8
6,200,17.72
6,201,18.13
6,202,16.81
6,203,18.39
6,204,19.08
6,205,18.82
6,206,18.71
6,207,19.21
6,208,18.5
6,209,19.97
6,210,20.15
6,211,20.32
6,212,21.13
6,213,20.9
6,214,20.23
6,215,21.32
6,216,21.17
6,217,24.39
6,218,24.27
6,219,25.4
6,220,26.65
6,221,26.55
6,222,26.77
6,223,27.63
6,224,27.89
6,225,28.12
6,226,29.38
6,227,28.88
6,228,30.04
6,229,30.09
6,230,30.86
6,231,31.61
6,232,31.81
6,233,33.84
6,234,33.89
6,235,33.15
6,236,34.88
6,237,35.47
6,238,36.05
6,239,36.33
6,240,36.37
6,241,36.86
6,242,37.29
6,243,37.54
6,244,39.08
6,245,40.02
6,246,40.12
6,247,38.85
6,248,40.99
6,249,40.76
6,250,40.82
6,251,40.93
6,252,41.98
6,253,41.6
6,254,41.9
6,255,43.42
6,256,43.71
6,257,43.76
6,258,44.21
6,259,44.81
6,260,42.51
6,261,44.01
6,262,45.67
6,263,44.17
6,264,44.96
6,265,45.55
6,266,46.38
6,267,44.65
6,268,46.52
6,269,53.98
6,270,53.98
7,0,37.41
7,1,31.03
7,2,30.64
7,3,30.45
7,4,28.89
7,5,29.98
7,6,27.73
7,7,28.03
7,8,28.33
7,9,28.1
7,10,26.97
7,11,25.84
7,12,28.95
7,13,27.87
7,14,28.56
7,15,26.42
7,16,27.21
7,17,26.12
7,18,26.48
7,19,27.53
7,20,27.31
7,21,27.02
7,22,27.86
7,23,26.46
7,24,28.83
7,25,27.6
7,26,28.2
7,27,28.05
7,28,28.17
7,29,28.1
7,30,28.02
7,31,26.76
7,32,26.63
7,33,29.14
7,34,28.61
7,35,30.62
7,36,31.47
7,37,31.25
7,38,29.93
7,39,29.65
7,40,31.93
7,41,30.74
7,42,31.17
7,43,31.33
7,44,31.64
7,45,29.37
7,46,30.59
7,47,31.0
7,48,30.35
7,49,31.62
7,50,30.77
7,51,29.15
7,52,31.64
7,53,30.54
7,54,30.03
7,55,30.32
7,56,31.23
7,57,30.4
7,58,28.39
7,59,29.14
7,60,28.9
7,61,27.8
7,62,26.39
7,63,26.04
7,64,25.89
7,65,26.55
7,66,27.15
7,67,26.42
7,68,26.05
7,69,28.63
7,70,30.13
7,71,31.33
7,72,30.05
7,73,31.03
7,74,30.52
7,75,40.93
7,76,33.65
7,77,33.1
7,78,33.66
7,79,33.9
7,80,33.7
7,81,34.24
7,82,33.4
7,83,34.2
7,84,34.61
7,85,35.06
7,86,35.11
7,87,34.91
7,88,33.59
7,89,35.8
7,90,35.52
7,91,33.57
7,92,34.02
7,93,33.66
7,94,35.39
7,95,31.72
7,96,32.99
7,97,33.2
7,98,32.85
7,99,29.81
7,100,31.44
7,101,30.3
7,102,30.64
7,103,29.53
7,104,28.88
7,105,29.37
7,106,27.57
7,107,27.3
7,108,28.46
7,109,26.92
7,110,26.97
7,111,27.63
7,112,25.09
7,113,25.16
7,114,26.7
7,115,27.52
7,116,27.35
7,117,26.55
7,118,28.74
7,119,29.07
7,120,27.88
7,121,30.05
7,122,29.71
7,123,30.1
7,124,31.32
7,125,32.19
7,126,30.88
7,127,31.41
7,128,31.69
7,129,31.53
7,130,33.65
7,131,32.51
7,132,34.24
7,133,33.15
7,134,31.98
7,135,33.46
7,136,32.7
7,137,32.83
7,138,32.99
7,139,30.74
7,140,32.46
7,141,32.97
7,142,32.3
7,143,32.54
7,144,31.46
7,145,30.54
7,146,31.66
7,147,31.2
7,148,31.17
7,149,28.97
7,150,28.23
7,151,28.97
7,152,28.77
7,153,27.32
7,154,27.58
7,155,28.22
7,156,26.71
7,157,23.76
7,158,25.42
7,159,26.62
7,160,25.33
7,161,23.8
7,162,24.3
7,163,22.74
7,164,21.58
7,165,21.33
7,166,22.76
7,167,23.19
7,168,24.06
7,169,25.01
7,170,23.72
7,171,23.81
7,172,27.33
7,173,27.59
7,174,26.78
7,175,28.22
7,176,27.83
7,177,28.01
7,178,28.1
7,179,27.45
7,180,27.62
7,181,27.72
7,182,28.7
7,183,27.99
7,184,26.87
7,185,27.66
7,186,26.88
7,187,27.31
7,188,26.83
7,189,27.83
7,190,26.56
7,191,27.65
7,192,27.93
7,193,27.37
7,194,26.77
7,195,27.64
7,196,27.22
7,197,26.21
7,198,26.09
7,199,25.08
7,200,25.52
7,201,25.77
7,202,25.57
7,203,24.54
7,204,23.4
7,205,24.96
7,206,25.43
7,207,25.17
7,208,27.39
7,209,24.66
7,210,26.97
7,211,27.79
7,212,28.08
7,213,28.31
7,214,28.82
7,215,29.29
7,216,30.03
7,217,30.69
7,218,30.93
7,219,30.27
7,220,31.83
7,221,32.73
7,222,32.3
7,223,33.3
7,224,32.53
7,225,33.42
7,226,33.86
7,227,33.17
7,228,33.91
7,229,32.63
7,230,34.4
7,231,34.4
7,232,33.27
7,233,33.7
7,234,34.65
7,235,32.31
7,236,33.17
7,237,33.14
7,238,31.7
7,239,32.75
7,240,33.48
7,241,34.06
7,242,33.53
7,243,32.93
7,244,34.53
7,245,34.72
7,246,32.53
7,247,34.96
7,248,35.17
7,249,35.88
7,250,34.25
7,251,35.45
7,252,33.59
7,253,34.07
7,254,35.08
7,255,34.34
7,256,34.9
7,257,33.34
7,258,31.93
7,259,33.25
7,260,31.62
7,261,32.26
7,262,32.15
7,263,31.62
7,264,31.56
7,265,30.31
7,266,30.21
7,267,28.66
7,268,28.88
7,269,29.09
7,270,27.04
7,271,26.35
7,272,26.38
7,273,27.74
7,274,26.7
7,275,26.61
7,276,25.15
7,277,25.68
7,278,25.46
7,279,25.24
7,280,26.06
7,281,24.87
7,282,25.36
7,283,23.11
7,284,25.39
7,285,23.28
7,286,23.24
7,287,24.39
7,288,25.55
7,289,24.63
7,290,26.36
7,291,25.16
7,292,26.16
7,293,27.54
7,294,27.69
7,295,27.75
7,296,29.24
7,297,28.45
7,298,29.86
7,299,29.34
7,300,29.65
7,301,29.08
7,302,29.36
7,303,32.9
7,304,32.35
7,305,31.87
7,306,29.86
7,307,32.98
7,308,33.33
7,309,32.44
7,310,33.24
7,311,33.47
7,312,33.12
7,313,32.97
7,314,34.34
7,315,33.42
7,316,33.64
7,317,32.94
7,318,32.69
7,319,35.24
7,320,34.1
7,321,33.52
7,322,31.11
7,323,33.4
7,324,32.57
7,325,34.63
7,326,32.31
7,327,35.05
7,328,33.83
7,329,34.34
7,330,34.15
7,331,34.84
7,332,32.74
7,333,33.0
7,334,33.22
7,335,32.96
7,336,32.94
7,337,31.93
7,338,33.05
7,339,30.15
7,340,31.59
7,341,30.43
7,342,29.28
7,343,31.36
7,344,27.97
7,345,28.4
7,346,28.26
7,347,26.14
7,348,27.83
7,349,27.66
7,350,27.17
7,351,25.58
7,352,25.06
7,353,25.67
7,354,24.48
7,355,27.02
7,356,27.26
7,357,27.83
7,358,29.0
7,359,28.1
7,360,27.93
7,361,27.93
7,362,29.43
7,363,29.66
7,364,28.09
7,365,29.63
7,366,29.2
7,367,29.3
7,368,29.35
7,369,28.53
7,370,28.92
7,371,28.56
7,372,29.49
7,373,28.98
7,374,29.13
7,375,27.93
7,376,27.84
7,377,28.62
7,378,27.61
7,379,28.51
7,380,25.63
7,381,27.18
7,382,25.8
7,383,26.11
7,384,26.03
7,385,24.92
7,386,23.97
7,387,24.87
7,388,24.06
7,389,23.7
7,390,23.99
7,391,25.67
7,392,25.65
7,393,24.6
7,394,26.47
7,395,26.02
7,396,26.79
7,397,26.75
7,398,26.99
7,399,27.22
7,400,26.75
7,401,26.85
7,402,27.24
7,403,27.27
7,404,27.174999999999997
7,405,27.08
7,406,27.54
7,407,27.3
7,408,26.92
7,409,27.04
7,410,27.09
7,411,26.24
7,412,26.4
7,413,25.33
7,414,24.36
7,415,25.03
7,416,23.87
7,417,24.21
7,418,24.1
7,419,22.73
7,420,20.82
7,421,22.58
7,422,23.25
7,423,24.07
7,424,24.36
7,425,24.33
7,426,25.31
7,427,25.6
7,428,25.51
7,429,25.77
7,430,25.46
7,431,27.16
7,432,29.3
7,433,28.38
7,434,30.54
7,435,27.93
7,436,30.27
7,437,30.72
7,438,29.61
7,439,32.92
7,440,32.89
7,441,31.44
7,442,33.14
7,443,31.97
7,444,35.26
7,445,34.59
7,446,34.49
7,447,33.8
7,448,35.73
7,449,33.76
7,450,34.49
7,451,33.77
7,452,33.62
7,453,34.88
7,454,33.88
7,455,33.61
7,456,33.58
7,457,34.13
7,458,33.42
7,459,33.84
7,460,33.02
7,461,31.91
7,462,31.01
7,463,30.62
7,464,31.53
7,465,30.83
7,466,30.75
7,467,28.79
7,468,29.89
7,469,27.9
7,470,26.24
7,471,28.0
7,472,27.29
7,473,27.11
7,474,25.87
7,475,24.66
7,476,25.4
7,477,24.56
7,478,22.46
7,479,22.15
7,480,22.48
7,481,22.04
7,482,20.73
7,483,20.15
7,484,18.99
7,485,20.48
7,486,19.51
7,487,19.82
7,488,21.08
7,489,21.89
7,490,21.55
7,491,22.27
7,492,21.87
7,493,21.85
7,494,21.63
7,495,22.75
7,496,21.66
7,497,24.74
7,498,24.71
7,499,24.51
7,500,24.59
7,501,24.06
7,502,23.59
7,503,23.31
7,504,23.48
7,505,24.07
7,506,23.11
7,507,24.55
7,508,23.68
7,509,24.98
7,510,25.66
7,511,25.42
7,512,25.34
7,513,27.87
7,514,27.9
7,515,27.79
7,516,29.36
7,517,29.26
7,518,30.99
7,519,30.38
7,520,29.24
7,521,31.05
7,522,31.5
7,523,33.2
7,524,34.03
7,525,33.83
7,526,34.33
7,527,34.9
7,528,33.87
7,529,35.93
7,530,36.25
7,531,35.68
7,532,35.92
7,533,34.18
7,534,35.91
7,535,35.97
7,536,35.65428571428571
7,537,35.33857142857143
7,538,35.02285714285714
7,539,34.707142857142856
7,540,34.39142857142857
7,541,34.075714285714284
7,542,33.76
7,543,34.8
7,544,32.55
7,545,31.36
7,546,31.09
7,547,32.14
7,548,32.19
7,549,30.51
7,550,29.92
7,551,29.8
7,552,29.1
7,553,25.85
7,554,26.33
7,555,25.51
7,556,25.43
7,557,25.3
7,558,24.78
7,559,25.42
7,560,25.18
7,561,24.86
7,562,24.335
7,563,23.81
7,564,23.285
7,565,22.76
7,566,22.235
7,567,21.71
7,568,21.53
7,569,21.498333333333335
7,570,21.46666666666667
7,571,21.435000000000002
7,572,21.403333333333332
7,573,21.371666666666666
7,574,21.34
7,575,23.72
7,576,25.43
7,577,25.11
7,578,25.39
7,579,25.7
7,580,25.23
7,581,26.41
7,582,27.58
7,583,27.39
7,584,26.93
7,585,27.56
7,586,27.77
7,587,27.19
7,588,27.88
7,589,28.61
7,590,28.0
7,591,28.51
7,592,26.87
7,593,27.72
7,594,26.83
7,595,28.56
7,596,29.07
7,597,30.3
7,598,29.92
7,599,30.48
7,600,30.48
7,601,31.68
7,602,30.73
7,603,31.99
7,604,30.86
7,605,32.17
7,606,33.21
7,607,33.41
7,608,31.91
7,609,35.1
7,610,33.12
7,611,33.32
7,612,32.73
7,613,34.23
7,614,34.72
7,615,34.15
7,616,35.71
7,617,35.15
7,618,33.96
7,619,34.9
7,620,33.68
7,621,32.25
7,622,33.13
7,623,35.0
7,624,32.93
7,625,35.42
7,626,34.66
7,627,32.35
7,628,33.42
7,629,32.52
7,630,30.86
7,631,30.92
7,632,30.77
7,633,33.07
7,634,31.35
7,635,29.93
7,636,30.06
7,637,30.67
7,638,28.93
7,639,29.34
7,640,27.87
7,641,29.47
7,642,28.76
7,643,28.91
7,644,28.84
7,645,27.95
7,646,27.18
7,647,27.09
7,648,24.77
7,649,26.36
7,650,26.72
7,651,23.74
7,652,23.81
7,653,24.81
7,654,21.62
7,655,21.7
7,656,23.08
7,657,22.85
7,658,23.29
7,659,22.83
7,660,24.49
7,661,23.73
7,662,24.41
7,663,26.11
7,664,26.02
7,665,25.99
7,666,26.24
7,667,27.8
7,668,27.43
7,669,26.98
7,670,28.03
7,671,29.44
7,672,30.96
7,673,29.77
7,674,30.64
7,675,31.11
7,676,32.33
7,677,31.01
7,678,30.7
7,679,31.45
7,680,33.23
7,681,33.98
7,682,33.55
7,683,34.25
7,684,34.42
7,685,33.88
7,686,35.93
7,687,34.34
7,688,34.2
7,689,34.09
7,690,34.68
7,691,33.92
7,692,34.63
7,693,34.68
7,694,34.39
7,695,34.96
7,696,32.51
7,697,32.34
7,698,31.81
7,699,32.46
7,700,31.09
7,701,32.09
7,702,29.7
7,703,29.06
7,704,31.77
7,705,28.92
7,706,29.88
7,707,27.64
7,708,26.89
7,709,27.37
7,710,28.39
7,711,30.21
7,712,27.88
7,713,25.42
7,714,24.36
7,715,24.17
7,716,24.05
7,717,24.16
7,718,25.26
7,719,27.03
7,720,25.83
7,721,26.2
7,722,27.39
7,723,28.19
7,724,27.45
7,725,28.66
7,726,29.87
7,727,30.21
7,728,30.27
7,729,31.23
7,730,32.24
7,731,33.64
7,732,31.41
7,733,32.63
7,734,34.18
7,735,34.93
7,736,35.44
7,737,35.44
7,738,35.58
7,739,34.9
7,740,34.11
7,741,35.84
7,742,37.0
7,743,36.15
7,744,35.75
7,745,36.44
7,746,35.39
7,747,35.2
7,748,37.19
7,749,34.62
7,750,35.85
7,751,32.57
7,752,34.05
7,753,33.7
7,754,33.94
7,755,32.51
7,756,31.37
7,757,34.46
7,758,32.93
7,759,31.22
7,760,31.62
7,761,30.94
7,762,29.98
7,763,30.79
7,764,30.4
7,765,27.53
7,766,30.14
7,767,27.8
7,768,27.81
7,769,27.0
7,770,26.99
7,771,26.28
7,772,23.12
7,773,26.18
7,774,27.07
7,775,23.35
7,776,23.01
7,777,22.05
7,778,25.33
7,779,24.27
7,780,21.64
7,781,23.8
7,782,23.92
7,783,24.43
7,784,24.71
7,785,24.32
7,786,26.87
7,787,24.86
7,788,25.97
7,789,26.16
7,790,26.61
7,791,26.79
7,792,27.42
7,793,26.26
7,794,26.91
7,795,27.3
7,796,27.67
7,797,29.24
7,798,28.29
7,799,29.19
7,800,30.82
7,801,30.4
7,802,29.07
7,803,31.6
7,804,29.71
7,805,30.53
7,806,30.48
7,807,31.02
7,808,30.89
7,809,30.89
7,810,30.32
7,811,31.14
7,812,30.579166666666666
7,813,30.018333333333334
7,814,29.4575
7,815,28.89666666666667
7,816,28.335833333333333
7,817,27.775
7,818,27.214166666666667
7,819,26.653333333333332
7,820,26.0925
7,821,25.531666666666666
7,822,24.97083333333333
7,823,24.41
7,824,24.63
7,825,22.91
7,826,23.46
7,827,22.92
7,828,22.12
7,829,20.3
7,830,21.57
7,831,18.8
7,832,19.43
7,833,18.68
7,834,20.02
7,835,18.1
7,836,19.51
7,837,20.52
7,838,20.48
7,839,22.42
7,840,22.15
7,841,20.79
7,842,22.84
7,843,23.26
7,844,22.8
7,845,23.3
7,846,23.58
7,847,24.27
7,848,26.23
7,849,25.57
7,850,27.05
7,851,26.86
7,852,27.42
7,853,28.69
7,854,28.09
7,855,28.83
7,856,29.21
7,857,28.88
7,858,29.92
7,859,30.16
7,860,29.65
7,861,29.26
7,862,29.05
7,863,28.9
7,864,29.03
7,865,29.99
7,866,28.85
7,867,29.11
7,868,28.12
7,869,29.43
7,870,28.96
7,871,26.63
7,872,27.11
7,873,26.12
7,874,25.39
7,875,24.93
7,876,26.26
7,877,22.59
7,878,24.48
7,879,25.41
7,880,24.26
7,881,23.62
7,882,23.58
7,883,22.5
7,884,21.88
7,885,19.95
7,886,19.76
7,887,21.63
7,888,20.39
7,889,20.31
7,890,20.97
7,891,22.23
7,892,22.27
7,893,23.84
7,894,23.78
7,895,23.36
7,896,24.44
7,897,25.66
7,898,25.69
7,899,24.88
7,900,25.23
7,901,25.24
7,902,25.73
7,903,23.16
7,904,26.28
7,905,26.07
7,906,25.86
7,907,26.91
7,908,27.38
7,909,27.16
7,910,26.36
7,911,27.18
7,912,26.31
7,913,25.69
7,914,25.23
7,915,26.11
7,916,25.89
7,917,26.37
7,918,28.99
7,919,29.12
7,920,27.9
7,921,29.29
7,922,29.28
7,923,30.87
7,924,31.11
7,925,33.13
7,926,33.05
7,927,35.55
7,928,34.15
7,929,33.16
7,930,36.88
7,931,37.93
7,932,36.8
7,933,35.64
7,934,36.85
7,935,38.09
7,936,38.01
7,937,39.45
7,938,38.7
7,939,39.62
7,940,38.96
7,941,40.02
7,942,41.01
7,943,40.58
7,944,39.95
7,945,40.17
7,946,40.94
7,947,40.02
7,948,41.09
7,949,39.81
7,950,39.98
7,951,39.43
7,952,40.91
7,953,39.47
7,954,38.13
7,955,39.99
7,956,39.67
7,957,37.41
7,958,38.71
7,959,38.51
7,960,37.64
7,961,36.09
7,962,36.36
7,963,34.77
7,964,34.81
7,965,32.09
7,966,31.01
7,967,31.04
7,968,31.26
7,969,30.38
7,970,31.36
7,971,29.74
7,972,29.0
7,973,28.25
7,974,30.03
7,975,29.23
7,976,28.1
7,977,28.71
7,978,27.23
7,979,28.68
7,980,25.73
7,981,25.9
7,982,27.69
7,983,28.65
7,984,27.74
7,985,29.82
7,986,29.91
7,987,31.23
7,988,27.11
7,989,28.04
7,990,27.74
7,991,27.69
7,992,27.24
7,993,28.01
7,994,27.73
7,995,27.64
7,996,28.03
7,997,28.41
7,998,27.51
7,999,27.6
7,1000,26.01
7,1001,26.61
7,1002,28.45
7,1003,27.83
7,1004,28.91
7,1005,28.03
7,1006,29.23
7,1007,30.58
7,1008,29.93
7,1009,32.27
7,1010,31.69
7,1011,32.26
7,1012,33.31
7,1013,31.92
7,1014,31.76
7,1015,33.97
7,1016,37.41
7,1017,37.22
7,1018,36.58
7,1019,37.73
7,1020,38.23
7,1021,38.08
7,1022,38.83
7,1023,39.03
7,1024,38.15
7,1025,39.08
7,1026,39.83
7,1027,39.05
7,1028,40.39
7,1029,40.2
7,1030,39.71
7,1031,40.78
7,1032,39.6
7,1033,39.93
7,1034,40.92
7,1035,39.57
7,1036,41.54
7,1037,41.71
7,1038,41.19
7,1039,40.24
7,1040,39.98
7,1041,39.99
7,1042,40.18
7,1043,39.69
7,1044,40.5
7,1045,40.0
7,1046,38.03
7,1047,38.25
7,1048,39.45
7,1049,39.69
7,1050,36.69
7,1051,35.79
7,1052,37.29
7,1053,35.1
7,1054,34.43
7,1055,32.24
7,1056,33.97
7,1057,35.39
7,1058,34.65
7,1059,32.96
7,1060,32.91
7,1061,31.76
7,1062,31.73
7,1063,30.09
7,1064,30.77
7,1065,30.91
7,1066,29.29
7,1067,30.0
7,1068,29.43
7,1069,29.02
7,1070,32.08
7,1071,31.04
7,1072,32.32
7,1073,31.51
7,1074,33.52
7,1075,32.51
7,1076,30.19
7,1077,31.130000000000003
7,1078,32.07
7,1079,32.59
7,1080,32.88
7,1081,32.74
7,1082,32.41
7,1083,35.1
7,1084,35.1
7,1085,35.1
7,1086,35.1
7,1087,35.1
7,1088,35.1
7,1089,35.1
7,1090,35.1
7,1091,35.1
7,1092,35.1
7,1093,35.1
7,1094,35.1
7,1095,35.1
7,1096,35.1
7,1097,35.1
7,1098,35.1
7,1099,35.1
7,1100,35.1
8,0,44.6
8,1,44.6
8,2,44.6
8,3,44.6
8,4,44.6
8,5,44.6
8,6,33.02
8,7,34.5
8,8,35.84
8,9,37.81
8,10,36.18
8,11,37.39
8,12,38.69
8,13,37.8
8,14,36.63
8,15,37.65
8,16,38.61
8,17,37.24
8,18,38.14
8,19,38.63
8,20,36.83
8,21,38.1
8,22,37.37
8,23,36.77
8,24,35.73
8,25,36.05
8,26,37.15
8,27,35.22
8,28,34.41
8,29,34.32
8,30,34.48
8,31,33.75
8,32,35.7
8,33,34.2
8,34,32.42
8,35,30.65
8,36,31.38
8,37,31.6
8,38,29.58
8,39,30.48
8,40,29.13
8,41,29.95
8,42,28.23
8,43,29.41
8,44,27.96
8,45,27.76
8,46,25.17
8,47,26.38
8,48,26.16
8,49,26.32
8,50,26.32
8,51,25.08
8,52,24.6
8,53,25.91
8,54,25.29
8,55,25.4
8,56,23.77
8,57,24.21
8,58,22.42
8,59,21.37
8,60,21.53
8,61,22.17
8,62,21.61
8,63,21.87
8,64,19.54
8,65,20.08
8,66,21.1
8,67,22.42
8,68,22.89
8,69,23.14
8,70,23.26
8,71,23.15
8,72,22.33
8,73,24.21
8,74,23.95
8,75,23.59
8,76,24.19
8,77,23.16
8,78,24.22
8,79,25.05
8,80,25.45
8,81,25.02
8,82,27.14
8,83,25.01
8,84,25.47
8,85,25.22
8,86,25.48
8,87,25.74
8,88,26.0
8,89,26.259999999999998
8,90,26.52
8,91,26.78
8,92,27.04
8,93,26.56
8,94,26.27
8,95,26.91
8,96,27.03
8,97,27.42
8,98,27.27
8,99,26.84
8,100,26.15
8,101,27.41
8,102,26.32
8,103,26.21
8,104,26.25
8,105,26.74
8,106,24.08
8,107,25.33
8,108,23.8
8,109,23.53
8,110,24.28
8,111,23.09
8,112,20.22
8,113,20.45
8,114,21.31
8,115,19.87
8,116,19.35
8,117,19.75
8,118,19.57
8,119,20.27
8,120,20.41
8,121,20.22
8,122,20.87
8,123,21.68
8,124,19.96
8,125,21.04
8,126,20.51
8,127,21.29
8,128,19.59
8,129,21.36
8,130,19.95
8,131,20.79
8,132,20.24
8,133,20.25
8,134,21.08
8,135,20.83
8,136,20.1
8,137,20.45
8,138,20.48
8,139,20.93
8,140,20.77
8,141,22.81
8,142,21.38
8,143,22.45
8,144,23.46
8,145,23.11
8,146,25.24
8,147,25.49
8,148,25.18
8,149,25.49
8,150,25.06
8,151,25.55
8,152,26.8
8,153,26.82
8,154,27.07
8,155,26.19
8,156,27.72
8,157,27.38
8,158,27.38
8,159,28.02
8,160,28.01
8,161,26.46
8,162,28.33
8,163,26.87
8,164,27.24
8,165,25.72
8,166,26.57
8,167,27.04
8,168,27.21
8,169,26.81
8,170,27.04
8,171,25.24
8,172,28.4
8,173,29.67
8,174,29.33
8,175,29.25
8,176,29.12
8,177,32.53
8,178,31.64
8,179,31.08
8,180,32.66
8,181,32.26
8,182,34.1
8,183,33.46
8,184,34.17
8,185,33.95
8,186,35.99
8,187,36.75
8,188,36.23
8,189,35.4
8,190,37.78
8,191,37.33
8,192,36.63
8,193,39.5
8,194,39.65
8,195,38.31
8,196,38.11
8,197,40.64
8,198,39.84
8,199,39.39
8,200,39.81
8,201,40.3
8,202,39.69
8,203,40.74
8,204,41.48
8,205,40.9
8,206,40.06
8,207,41.58
8,208,40.4
8,209,39.93
8,210,40.05
8,211,40.14
8,212,40.174
8,213,40.208
8,214,40.242000000000004
8,215,40.276
8,216,40.31
8,217,37.08
8,218,37.48
8,219,38.12
8,220,35.08
8,221,34.58
8,222,34.04
8,223,34.92
8,224,33.36
8,225,32.84
8,226,32.3
8,227,33.31
8,228,33.27
8,229,34.23
8,230,30.92
8,231,31.79
8,232,30.75
8,233,31.36
8,234,29.98
8,235,29.99
8,236,28.95
8,237,27.88
8,238,28.5
8,239,27.21
8,240,28.34
8,241,28.81
8,242,25.27
8,243,26.58
8,244,24.34
8,245,24.53
8,246,24.44
8,247,24.75
8,248,25.28
8,249,27.96
8,250,27.36
8,251,27.58
8,252,28.26
8,253,27.09
8,254,28.33
8,255,29.41
8,256,29.76
8,257,28.61
8,258,31.63
8,259,29.97
8,260,29.97
8,261,31.18
8,262,30.7
8,263,30.72
8,264,32.2
8,265,31.33
8,266,31.1
8,267,33.06
8,268,31.27
8,269,31.4
8,270,32.43
8,271,32.0
8,272,31.19
8,273,32.08
8,274,31.13
8,275,30.8
8,276,30.49
8,277,30.41
8,278,29.97
8,279,29.56
8,280,27.28
8,281,29.55
8,282,28.17
8,283,27.52
8,284,25.77
8,285,28.36
8,286,27.21
8,287,24.12
8,288,26.09
8,289,25.97
8,290,23.2
8,291,21.99
8,292,24.74
8,293,22.98
8,294,22.05
8,295,22.96
8,296,21.31
8,297,21.54
8,298,20.8
8,299,21.42
8,300,23.89
8,301,22.38
8,302,23.87
8,303,23.71
8,304,24.79
8,305,25.27
8,306,25.15
8,307,26.56
8,308,26.04
8,309,27.15
8,310,27.38
8,311,27.69
8,312,27.67
8,313,29.89
8,314,31.59
8,315,30.68
8,316,29.14
8,317,30.73
8,318,31.56
8,319,31.78
8,320,33.55
8,321,33.29
8,322,33.86
8,323,35.09
8,324,33.72
8,325,33.22
8,326,34.18
8,327,33.91
8,328,33.43
8,329,34.61
8,330,34.42
8,331,34.65
8,332,33.17
8,333,35.1
8,334,35.81
8,335,34.67
8,336,34.55
8,337,35.1
8,338,33.82
8,339,35.59
8,340,33.42
8,341,33.36
8,342,33.61
8,343,32.96
8,344,32.02
8,345,32.92
8,346,32.09
8,347,30.11
8,348,29.36
8,349,28.93
8,350,29.54
8,351,27.76
8,352,28.03
8,353,26.67
8,354,25.72
8,355,25.34
8,356,26.37
8,357,23.15
8,358,24.75
8,359,23.65
8,360,24.54
8,361,24.35
8,362,25.41
8,363,26.23
8,364,26.29
8,365,26.04
8,366,26.84
8,367,27.06
8,368,26.24
8,369,26.29
8,370,26.39
8,371,26.28
8,372,28.01
8,373,28.42
8,374,27.54
8,375,26.76
8,376,26.9
8,377,26.45
8,378,26.73
8,379,27.08
8,380,26.64
8,381,25.69
8,382,24.03
8,383,25.21
8,384,24.18
8,385,24.82
8,386,24.2
8,387,24.71
8,388,25.34
8,389,25.21
8,390,25.13
8,391,24.71
8,392,24.07
8,393,24.46
8,394,24.73
8,395,23.42
8,396,24.94
8,397,26.37
8,398,23.86
8,399,26.23
8,400,25.62
8,401,25.99
8,402,25.72
8,403,26.79
8,404,27.38
8,405,27.38
8,406,26.62
8,407,29.43
8,408,29.3
8,409,29.03
8,410,30.81
8,411,30.44
8,412,30.83
8,413,30.4
8,414,31.5
8,415,29.44
8,416,33.41
8,417,31.07
8,418,31.24
8,419,30.63
8,420,33.41
8,421,31.95
8,422,31.75
8,423,30.85
8,424,31.87
8,425,29.79
8,426,31.62
8,427,30.54
8,428,29.04
8,429,29.4
8,430,29.97
8,431,28.42
8,432,27.13
8,433,27.43
8,434,28.17
8,435,26.74
8,436,26.87
8,437,25.79
8,438,26.03
8,439,23.34
8,440,26.1
8,441,24.43
8,442,24.08
8,443,22.69
8,444,23.41
8,445,22.39
8,446,22.15
8,447,22.84
8,448,21.85
8,449,23.35
8,450,23.72
8,451,22.33
8,452,23.14
8,453,25.3
8,454,26.14
8,455,24.39
8,456,26.06
8,457,26.92
8,458,26.97
8,459,27.58
8,460,28.59
8,461,27.74
8,462,27.17
8,463,28.86
8,464,26.86
8,465,28.09
8,466,28.65
8,467,27.65
8,468,28.16
8,469,27.46
8,470,27.86
8,471,27.47
8,472,26.32
8,473,27.26
8,474,28.2
8,475,27.89
8,476,27.88
8,477,28.3
8,478,27.89
8,479,29.21
8,480,29.42
8,481,29.71
8,482,30.5
8,483,29.42
8,484,29.13
8,485,29.19
8,486,28.81
8,487,29.04
8,488,28.3
8,489,28.41
8,490,29.22
8,491,28.54
8,492,28.59
8,493,26.98
8,494,26.77
8,495,26.79
8,496,26.94
8,497,25.77
8,498,26.01
8,499,25.39
8,500,25.04
8,501,23.51
8,502,25.59
8,503,26.29
8,504,25.19
8,505,24.29
8,506,25.38
8,507,26.95
8,508,27.35
8,509,26.94
8,510,27.01
8,511,26.28
8,512,25.84
8,513,27.7
8,514,26.67
8,515,27.16
8,516,26.43
8,517,26.5
8,518,26.61
8,519,26.54
8,520,26.6
8,521,27.58
8,522,25.85
8,523,25.86
8,524,26.63
8,525,26.67
8,526,27.018928571428575
8,527,27.367857142857144
8,528,27.716785714285717
8,529,28.065714285714286
8,530,28.41464285714286
8,531,28.76357142857143
8,532,29.1125
8,533,29.461428571428574
8,534,29.810357142857143
8,535,30.159285714285716
8,536,30.508214285714285
8,537,30.857142857142858
8,538,31.206071428571427
8,539,31.555
8,540,31.903928571428573
8,541,32.252857142857145
8,542,32.60178571428571
8,543,32.950714285714284
8,544,33.29964285714286
8,545,33.64857142857143
8,546,33.9975
8,547,34.34642857142857
8,548,34.69535714285714
8,549,35.044285714285714
8,550,35.393214285714286
8,551,35.74214285714285
8,552,36.091071428571425
8,553,36.44
8,554,35.73
8,555,35.56
8,556,38.83
8,557,38.83
8,558,38.83
8,559,38.83
8,560,38.83
8,561,38.83
8,562,38.83
8,563,38.83
9,0,38.52
9,1,38.52
9,2,38.52
9,3,38.52
9,4,38.52
9,5,38.52
9,6,38.52
9,7,38.52
9,8,38.52
9,9,38.52
9,10,38.52
9,11,38.52
9,12,38.52
9,13,38.52
9,14,38.52
9,15,38.52
9,16,38.52
9,17,38.52
9,18,38.52
9,19,38.52
9,20,32.35
9,21,31.836666666666666
9,22,31.323333333333334
9,23,30.81
9,24,31.38
9,25,31.43
9,26,32.68
9,27,30.37
9,28,30.87
9,29,29.39
9,30,30.45
9,31,29.61
9,32,28.11
9,33,29.16
9,34,31.65
9,35,31.01
9,36,32.19
9,37,31.79
9,38,31.22
9,39,30.26
9,40,32.5
9,41,32.8
9,42,32.25
9,43,32.42
9,44,34.33
9,45,33.06
9,46,30.99
9,47,34.1
9,48,32.76
9,49,33.46
9,50,33.43
9,51,34.9
9,52,33.49
9,53,33.82
9,54,32.03
9,55,32.96
9,56,33.41
9,57,34.31
9,58,32.93
9,59,32.96
9,60,32.4
9,61,32.05
9,62,32.34
9,63,32.24
9,64,29.51
9,65,29.34
9,66,28.99
9,67,29.6
9,68,28.3
9,69,29.07
9,70,29.33
9,71,26.75
9,72,26.75
9,73,27.37
9,74,26.59
9,75,24.03
9,76,23.92
9,77,24.13
9,78,23.5
9,79,23.52
9,80,23.74
9,81,24.3
9,82,24.88
9,83,24.46
9,84,24.21
9,85,25.66
9,86,26.01
9,87,25.28
9,88,25.38
9,89,25.55
9,90,25.82
9,91,25.65
9,92,26.05
9,93,26.16
9,94,25.69
9,95,25.64
9,96,25.73
9,97,25.57
9,98,24.23
9,99,25.11
9,100,24.44
9,101,22.35
9,102,22.52
9,103,22.56
9,104,23.32
9,105,21.49
9,106,22.88
9,107,23.07
9,108,23.55
9,109,23.03
9,110,23.41
9,111,24.27
9,112,25.31
9,113,26.36
9,114,25.44
9,115,24.97
9,116,24.89
9,117,25.57
9,118,26.0
9,119,27.39
9,120,26.5
9,121,27.0
9,122,27.12
9,123,26.45
9,124,27.21
9,125,26.02
9,126,26.9
9,127,26.67
9,128,26.25
9,129,26.53
9,130,26.99
9,131,27.14
9,132,24.63
9,133,25.88
9,134,23.97
9,135,24.51
9,136,24.15
9,137,25.98
9,138,27.26
9,139,27.87
9,140,26.74
9,141,28.69
9,142,28.71
9,143,28.68
9,144,28.2
9,145,28.69
9,146,29.1
9,147,29.95
9,148,28.97
9,149,31.45
9,150,28.85
9,151,30.47
9,152,31.5
9,153,31.75
9,154,31.89
9,155,31.21
9,156,30.6
9,157,30.51
9,158,31.33
9,159,29.7
9,160,28.59
9,161,29.68
9,162,29.77
9,163,29.29
9,164,28.48
9,165,28.19
9,166,27.23
9,167,28.24
9,168,27.17
9,169,27.62
9,170,26.45
9,171,26.53
9,172,26.46
9,173,26.24
9,174,25.27
9,175,24.25
9,176,26.39
9,177,25.85
9,178,26.61
9,179,26.72
9,180,26.66
9,181,27.05
9,182,27.82
9,183,27.2
9,184,27.96
9,185,28.63
9,186,27.66
9,187,28.01
9,188,27.26
9,189,27.23
9,190,26.47
9,191,26.09
9,192,27.29
9,193,26.53
9,194,27.56
9,195,26.95
9,196,27.26
9,197,26.61
9,198,26.15
9,199,26.72
9,200,26.81
9,201,25.66
9,202,25.91
9,203,26.2
9,204,24.91
9,205,26.66
9,206,27.43
9,207,29.04
9,208,28.73
9,209,31.16
9,210,28.33
9,211,20.46
9,212,20.88
9,213,20.83
9,214,22.28
9,215,20.4
9,216,20.36
9,217,20.87
9,218,21.1
9,219,21.98
9,220,21.74
9,221,21.03
9,222,21.54
9,223,22.0
9,224,22.2
9,225,22.53
9,226,21.73
9,227,22.31
9,228,22.37
9,229,23.89
9,230,23.53
9,231,24.29
9,232,24.05
9,233,23.93
9,234,25.23
9,235,24.88
9,236,25.0
9,237,24.95
9,238,24.5
9,239,24.21
9,240,24.25
9,241,24.74
9,242,23.7
9,243,23.39
9,244,22.96
9,245,22.97
9,246,23.04
9,247,23.8
9,248,24.58
9,249,24.42
9,250,24.84
9,251,25.79
9,252,26.6
9,253,26.95
9,254,26.87
9,255,29.6
9,256,29.09
9,257,28.53
9,258,28.65
9,259,30.03
9,260,31.53
9,261,29.62
9,262,32.39
9,263,32.11
9,264,32.84
9,265,34.16
9,266,34.89
9,267,34.92
9,268,35.98
9,269,36.81
9,270,37.12
9,271,37.15
9,272,37.46
9,273,38.47
9,274,38.99
9,275,36.87
9,276,39.23
9,277,38.92
9,278,40.26
9,279,39.71
9,280,38.82
9,281,39.64
9,282,39.36
9,283,39.66
9,284,39.81
9,285,40.39
9,286,39.37
9,287,39.55
9,288,40.1
9,289,37.64
9,290,38.6
9,291,39.3
9,292,39.0
9,293,36.82
9,294,36.33
9,295,37.02
9,296,37.21
9,297,36.01
9,298,35.19
9,299,35.8
9,300,33.56
9,301,32.74
9,302,33.57
9,303,31.64
9,304,32.56
9,305,31.96
9,306,31.13
9,307,30.23
9,308,32.14
9,309,30.64
9,310,29.67
9,311,29.33
9,312,29.2
9,313,31.71
9,314,31.16
9,315,30.7
9,316,32.21
9,317,30.96
9,318,29.95
9,319,29.99
9,320,32.44
9,321,30.55
9,322,30.8
9,323,30.25
9,324,30.63
9,325,30.18
9,326,29.85
9,327,29.27
9,328,29.1
9,329,28.56
9,330,28.16
9,331,28.48
9,332,29.29
9,333,28.0
9,334,26.05
9,335,25.6
9,336,25.47
9,337,24.44
9,338,25.41
9,339,22.76
9,340,24.02
9,341,23.15
9,342,22.47
9,343,21.7
9,344,22.85
9,345,23.0
9,346,23.21
9,347,22.77
9,348,23.29
9,349,23.33
9,350,23.75
9,351,23.08
9,352,22.17
9,353,23.35
9,354,22.81
9,355,21.38
9,356,22.67
9,357,21.97
9,358,22.78
9,359,23.48
9,360,23.05
9,361,25.03
9,362,25.03
9,363,24.06
9,364,25.2
9,365,26.8
9,366,26.02
9,367,26.24
9,368,28.45
9,369,28.04
9,370,28.6
9,371,28.07
9,372,28.03
9,373,27.7
9,374,28.54
9,375,31.16
9,376,28.88
9,377,30.99
9,378,30.03
9,379,29.79
9,380,30.24
9,381,29.87
9,382,30.08
9,383,29.11
9,384,29.87
9,385,29.26
9,386,29.23
9,387,29.5
9,388,28.77
9,389,29.16
9,390,28.36
9,391,28.77
9,392,26.06
9,393,26.94
9,394,27.55
9,395,24.77
9,396,25.17
9,397,24.78
9,398,23.94
9,399,24.54
9,400,23.89
9,401,23.48
9,402,21.58
9,403,21.14
9,404,21.84
9,405,21.79
9,406,22.26
9,407,18.12
9,408,18.86
9,409,18.3
9,410,17.65
9,411,15.71
9,412,19.52
9,413,19.13
9,414,19.89
9,415,17.82
9,416,17.75
9,417,19.86
9,418,19.47
9,419,20.99
9,420,21.01
9,421,21.69
9,422,21.81
9,423,21.78
9,424,22.11
9,425,21.79
9,426,22.8
9,427,22.52
9,428,22.77
9,429,23.65
9,430,22.85
9,431,22.96
9,432,23.82
9,433,26.29
9,434,25.95
9,435,27.13
9,436,28.04
9,437,28.6
9,438,29.68
9,439,29.68
9,440,29.68
10,0,33.59
10,1,33.59
10,2,33.59
10,3,33.59
10,4,33.59
10,5,33.59
10,6,33.59
10,7,33.59
10,8,33.59
10,9,33.59
10,10,33.59
10,11,33.59
10,12,33.59
10,13,33.59
10,14,33.59
10,15,33.59
10,16,33.59
10,17,33.59
10,18,33.59
10,19,33.59
10,20,33.59
10,21,33.59
10,22,30.05
10,23,30.82
10,24,32.67
10,25,32.1
10,26,34.6
10,27,36.76
10,28,35.43
10,29,35.3
10,30,32.9
10,31,35.48
10,32,36.08
10,33,37.08
10,34,36.58
10,35,35.55
10,36,35.35
10,37,34.6
10,38,37.31
10,39,35.54
10,40,35.31
10,41,33.63
10,42,36.05
10,43,35.03
10,44,34.1
10,45,34.48
10,46,34.01
10,47,34.18
10,48,32.29
10,49,33.92
10,50,32.39
10,51,33.4
10,52,30.43
10,53,31.4
10,54,31.75
10,55,29.74
10,56,28.86
10,57,27.97
10,58,29.05
10,59,28.73
10,60,26.89
10,61,27.12
10,62,25.96
10,63,25.04
10,64,25.39
10,65,25.4
10,66,24.07
10,67,23.74
10,68,25.02
10,69,25.34
10,70,24.96
10,71,26.89
10,72,26.01
10,73,27.35
10,74,27.29
10,75,25.88
10,76,28.55
10,77,27.53
10,78,29.82
10,79,29.72
10,80,31.46
10,81,31.25
10,82,30.53
10,83,30.93
10,84,31.1
10,85,30.82
10,86,32.14
10,87,32.56
10,88,31.18
10,89,32.06
10,90,33.43
10,91,32.91
10,92,30.62
10,93,32.34
10,94,31.98
10,95,32.24
10,96,31.88
10,97,31.24
10,98,31.05
10,99,32.46
10,100,28.87
10,101,30.05
10,102,28.7
10,103,28.95
10,104,27.41
10,105,29.31
10,106,28.64
10,107,28.0
10,108,28.38
10,109,27.41
10,110,27.3
10,111,27.8
10,112,28.35
10,113,26.6
10,114,26.71
10,115,26.79
10,116,26.82
10,117,29.52
10,118,26.91
10,119,30.13
10,120,29.28
10,121,29.29
10,122,28.76
10,123,32.18
10,124,32.14
10,125,31.06
10,126,32.83
10,127,32.26
10,128,34.14
10,129,33.44
10,130,33.39
10,131,32.67
10,132,34.67
10,133,35.86
10,134,35.91
10,135,34.18
10,136,35.42
10,137,34.39
10,138,35.25
10,139,35.12
10,140,34.5
10,141,35.0
10,142,31.63
10,143,34.45
10,144,33.84
10,145,33.87
10,146,33.74
10,147,35.55
10,148,31.95
10,149,33.04
10,150,30.69
10,151,31.38
10,152,31.39
10,153,31.285
10,154,31.18
10,155,29.98
10,156,29.37
10,157,28.13
10,158,28.13
10,159,26.4
10,160,25.2
10,161,27.75
10,162,24.58
10,163,26.61
10,164,26.79
10,165,27.18
10,166,28.05
10,167,27.55
10,168,28.52
10,169,28.65
10,170,28.99
10,171,28.26
10,172,28.81
10,173,27.42
10,174,28.62
10,175,28.3
10,176,28.44
10,177,29.19
10,178,28.94
10,179,29.79
10,180,28.59
10,181,27.84
10,182,27.0
10,183,26.6
10,184,26.61
10,185,26.78
10,186,26.9
10,187,27.05
10,188,25.9
10,189,24.05
10,190,25.53
10,191,24.84
10,192,23.85
10,193,23.4
10,194,24.02
10,195,23.87
10,196,22.71
10,197,24.16
10,198,24.133333333333333
10,199,24.106666666666666
10,200,24.08
10,201,23.1475
10,202,22.215
10,203,21.2825
10,204,20.35
10,205,20.68
10,206,21.51
10,207,22.85
10,208,22.91
10,209,22.49
10,210,23.1
10,211,23.1
10,212,23.56
10,213,23.92
10,214,24.24
10,215,23.95
10,216,23.09
10,217,24.92
10,218,23.86
10,219,24.04
10,220,25.41
10,221,24.16
10,222,22.9
10,223,23.88
10,224,23.45
10,225,23.86
10,226,22.48
10,227,23.01
10,228,23.4
10,229,25.94
10,230,25.31
10,231,25.98
10,232,27.43
10,233,26.81
10,234,26.24
10,235,28.24
10,236,28.11
10,237,27.79
10,238,28.02
10,239,28.58
10,240,28.68
10,241,29.3
10,242,29.86
10,243,29.68
10,244,29.8
10,245,30.09
10,246,30.57
10,247,30.94
10,248,30.3
10,249,32.8
10,250,33.35
10,251,35.34
10,252,34.0
10,253,36.53
10,254,37.96
10,255,35.68
10,256,35.03
10,257,37.27
10,258,38.16
10,259,37.59
10,260,37.27
10,261,37.94
10,262,39.79
10,263,38.48
10,264,39.41
10,265,39.11
10,266,39.66
10,267,39.95
10,268,39.48
10,269,40.2
10,270,39.42
10,271,39.42
10,272,39.84
10,273,40.41
10,274,40.59
10,275,39.13
10,276,39.98
10,277,39.04
10,278,39.7
10,279,39.5
10,280,38.33
10,281,37.87
10,282,34.97
10,283,37.88
10,284,36.46
10,285,36.23
10,286,34.42
10,287,33.12
10,288,35.58
10,289,33.29
10,290,31.32
10,291,30.7
10,292,31.54
10,293,32.52
10,294,30.26
10,295,29.02
10,296,28.8
10,297,27.31
10,298,30.25
10,299,29.37
10,300,28.6
10,301,29.87
10,302,29.93
10,303,30.11
10,304,32.0
10,305,30.87
10,306,29.89
10,307,31.32
10,308,33.29
10,309,32.15
10,310,33.49
10,311,33.88
10,312,32.77
10,313,34.52
10,314,33.43
10,315,32.77
10,316,33.75
10,317,32.92
10,318,33.38
10,319,33.11
10,320,31.47
10,321,32.81
10,322,32.76
10,323,32.34
10,324,30.9
10,325,31.03
10,326,31.11
10,327,31.23
10,328,31.92
10,329,31.05
10,330,28.89
10,331,29.76
10,332,28.91
10,333,27.08
10,334,27.67
10,335,27.37
10,336,27.3
10,337,26.73
10,338,24.04
10,339,26.95
10,340,26.26
10,341,25.91
10,342,26.44
10,343,25.93
10,344,26.04
10,345,26.99
10,346,26.53
10,347,27.9
10,348,26.43
10,349,26.86
10,350,27.47
10,351,26.77
10,352,27.01
10,353,26.08
10,354,25.74
10,355,24.0
10,356,25.3
10,357,24.99
10,358,24.1
10,359,23.19
10,360,23.74
10,361,24.25
10,362,24.34
10,363,23.52
10,364,23.22
10,365,23.58
10,366,24.22
10,367,20.44
10,368,22.52
10,369,23.57
10,370,21.31
10,371,22.11
10,372,22.21
10,373,21.27
10,374,19.36
10,375,21.54
10,376,22.15
10,377,21.38
10,378,22.57
10,379,23.15
10,380,21.84
10,381,22.69
10,382,25.51
10,383,24.82
10,384,24.82
10,385,25.1
10,386,25.4
10,387,24.75
10,388,26.0
10,389,27.06
10,390,25.48
10,391,26.41
10,392,25.99
10,393,25.96
10,394,26.4
10,395,27.5
10,396,27.08
10,397,26.96
10,398,25.81
10,399,26.92
10,400,25.8
10,401,26.72
10,402,25.84
10,403,25.4
10,404,25.55
10,405,25.38
10,406,25.13
10,407,23.51
10,408,24.53
10,409,23.57
10,410,23.8
10,411,23.07
10,412,21.71
10,413,21.58
10,414,23.32
10,415,20.48
10,416,19.57
10,417,21.65
10,418,21.95
10,419,18.85
10,420,21.14
10,421,23.08
10,422,25.96
10,423,23.61
10,424,24.88
10,425,24.29
10,426,24.1
10,427,24.68
10,428,25.58
10,429,24.59
10,430,25.55
10,431,24.95
10,432,26.82
10,433,26.42
10,434,25.69
10,435,26.51
10,436,26.51
10,437,26.19
10,438,26.76
10,439,26.18
10,440,26.46
10,441,26.67
10,442,27.82
10,443,26.8
10,444,27.31
10,445,26.74
10,446,27.42
10,447,27.01
10,448,28.47
10,449,27.45
10,450,28.77
10,451,27.49
10,452,26.94
10,453,27.22
10,454,28.17
10,455,28.64
10,456,27.44
10,457,26.53
10,458,26.59
10,459,30.15
10,460,28.55
10,461,30.11
10,462,30.8
10,463,32.37
10,464,33.81
10,465,31.22
10,466,33.2
10,467,33.3
10,468,34.55
10,469,36.53
10,470,33.63
10,471,35.47
10,472,35.806666666666665
10,473,36.14333333333333
10,474,36.48
10,475,36.81666666666666
10,476,37.15333333333333
10,477,37.489999999999995
10,478,37.82666666666667
10,479,38.163333333333334
10,480,38.5
10,481,38.836666666666666
10,482,39.17333333333333
10,483,39.51
10,484,41.73
10,485,41.11
10,486,42.09
10,487,43.38
10,488,43.33
10,489,42.78
10,490,42.98
10,491,43.97
10,492,43.78
10,493,44.54
10,494,43.65
10,495,44.01
10,496,44.62
10,497,44.77
10,498,44.01
10,499,43.31
10,500,43.47
10,501,43.37
10,502,43.88
10,503,42.12
10,504,42.31
10,505,42.6
10,506,41.67
10,507,40.22
10,508,41.32
10,509,41.11
10,510,39.4
10,511,38.74
10,512,38.04
10,513,38.49
10,514,38.15
10,515,38.76
10,516,35.79
10,517,36.37
10,518,35.93
10,519,34.37
10,520,33.65
10,521,33.56
10,522,34.34
10,523,32.51
10,524,31.11
10,525,31.26
10,526,28.69
10,527,28.92
10,528,26.58
10,529,28.13
10,530,27.21
10,531,26.94
10,532,26.9
10,533,26.04
10,534,23.97
10,535,24.37
10,536,22.02
10,537,22.28
10,538,22.32
10,539,24.65
10,540,23.73
10,541,22.54
10,542,23.22
10,543,22.79
10,544,22.29
10,545,23.89
10,546,23.18
10,547,23.56
10,548,26.2
10,549,24.38
10,550,26.24
10,551,26.66
10,552,27.09
10,553,29.31
10,554,27.87
10,555,26.39
10,556,27.47
10,557,30.75
10,558,29.15
10,559,29.46
10,560,30.19
10,561,31.16
10,562,31.7
10,563,31.48
10,564,32.68
10,565,32.67
10,566,32.12
10,567,33.11
10,568,33.62
10,569,34.58
10,570,34.48
10,571,36.39
10,572,34.68
10,573,34.1
10,574,34.83
10,575,36.05
10,576,35.12
10,577,36.3
10,578,34.9
10,579,36.57
10,580,35.59
10,581,36.03
10,582,34.61
10,583,36.29
10,584,35.79
10,585,35.98
10,586,33.91
10,587,31.72
10,588,33.56
10,589,32.47
10,590,31.49
10,591,31.45
10,592,30.74
10,593,30.58
10,594,29.73
10,595,29.57
10,596,28.75
10,597,27.8
10,598,26.37
10,599,26.71
10,600,26.73
10,601,25.61
10,602,24.62
10,603,25.13
10,604,24.36
10,605,24.25
10,606,23.39
10,607,23.45
10,608,22.08
10,609,21.67
10,610,20.59
10,611,20.33
10,612,22.15
10,613,21.65
10,614,22.48
10,615,21.81
10,616,23.34
10,617,23.7
10,618,23.25
10,619,24.09
10,620,24.9
10,621,25.68
10,622,24.59
10,623,26.42
10,624,26.37
10,625,28.07
10,626,28.03
10,627,27.22
10,628,28.03
10,629,26.51
10,630,28.51
10,631,28.63
10,632,28.96
10,633,27.72
10,634,28.33
10,635,29.0
10,636,29.38
10,637,29.2
10,638,28.16
10,639,29.07
10,640,29.21
10,641,27.96
10,642,29.72
10,643,28.74
10,644,27.37
10,645,28.15
10,646,26.73
10,647,27.74
10,648,27.18
10,649,26.65
10,650,24.78
10,651,25.67
10,652,24.53
10,653,23.77
10,654,23.05
10,655,23.06
10,656,25.27
10,657,24.66
10,658,1.2
10,659,25.15
10,660,24.81
10,661,25.81
10,662,24.91
10,663,26.11
10,664,26.23
10,665,25.9
10,666,26.0
10,667,26.64
10,668,25.62
10,669,26.8
10,670,26.3
10,671,26.5
10,672,25.89
10,673,26.02
10,674,26.0
10,675,25.39
10,676,24.36
10,677,26.59
10,678,24.28
10,679,25.17
10,680,24.25
10,681,23.84
10,682,21.49
10,683,24.73
10,684,23.68
10,685,23.75
10,686,23.31
10,687,27.58
10,688,24.91
10,689,27.77
10,690,25.7
10,691,27.14
10,692,26.94
10,693,27.02
10,694,28.04
10,695,29.05
10,696,29.59
10,697,28.7
10,698,29.56
10,699,29.2
10,700,29.22
10,701,30.37
10,702,29.06
10,703,29.0
10,704,30.44
10,705,30.21
10,706,29.31
10,707,29.33
10,708,28.7
10,709,29.2
10,710,29.6
10,711,29.07
10,712,30.3
10,713,31.42
10,714,29.64
10,715,31.19
10,716,31.23
10,717,32.28
10,718,31.96
10,719,31.8
10,720,32.68
10,721,34.63
10,722,34.73
10,723,34.71
10,724,34.31
10,725,34.96
10,726,35.73
10,727,33.97
10,728,36.51
10,729,36.51
10,730,36.51
10,731,36.51
10,732,36.51
10,733,36.51
10,734,36.51
10,735,36.51
10,736,36.51
10,737,36.51
10,738,36.51
10,739,36.51
10,740,36.51
10,741,36.51
10,742,36.51
10,743,36.51
10,744,36.51
10,745,36.51
10,746,36.51
11,0,62.42
11,1,50.53
11,2,38.64
11,3,39.48
11,4,38.14
11,5,36.63
11,6,39.24
11,7,36.65
11,8,37.69
11,9,34.5
11,10,35.06
11,11,34.66
11,12,33.95
11,13,34.08
11,14,33.71
11,15,33.27
11,16,34.12
11,17,33.25
11,18,34.72
11,19,34.69
11,20,32.69
11,21,32.42
11,22,33.48
11,23,33.73
11,24,32.54
11,25,32.88
11,26,33.78
11,27,32.09
11,28,32.4
11,29,30.85
11,30,30.57
11,31,31.52
11,32,31.06
11,33,30.0
11,34,29.7
11,35,29.56
11,36,27.25
11,37,28.3
11,38,26.63
11,39,26.65
11,40,24.69
11,41,25.51
11,42,24.75
11,43,22.92
11,44,23.04
11,45,24.08
11,46,23.57
11,47,22.59
11,48,23.52
11,49,22.18
11,50,21.61
11,51,22.0
11,52,20.39
11,53,22.3
11,54,21.57
11,55,21.29
11,56,21.93
11,57,20.47
11,58,22.56
11,59,21.36
11,60,22.23
11,61,24.08
11,62,23.57
11,63,24.59
11,64,23.81
11,65,24.66
11,66,25.37
11,67,25.1
11,68,27.74
11,69,26.14
11,70,26.83
11,71,27.6
11,72,28.81
11,73,27.84
11,74,27.9
11,75,28.15
11,76,28.02
11,77,27.56
11,78,27.97
11,79,27.96
11,80,28.63
11,81,27.08
11,82,27.88
11,83,26.63
11,84,27.43
11,85,26.97
11,86,26.61
11,87,27.17
11,88,26.03
11,89,26.52
11,90,26.32
11,91,25.92
11,92,25.94
11,93,25.08
11,94,25.49
11,95,24.4
11,96,23.95
11,97,22.66
11,98,22.56
11,99,22.59
11,100,22.6
11,101,22.77
11,102,24.58
11,103,23.51
11,104,24.15
11,105,24.06
11,106,24.96
11,107,25.74
11,108,24.13
11,109,25.61
11,110,25.99
11,111,24.39
11,112,26.07
11,113,25.98
11,114,25.93
11,115,28.02
11,116,29.8
11,117,29.28
11,118,29.87
11,119,29.51
11,120,29.74
11,121,29.3
11,122,29.17
11,123,31.08
11,124,30.04
11,125,30.96
11,126,29.71
11,127,31.28
11,128,29.93
11,129,31.52
11,130,31.02
11,131,29.65
11,132,30.35
11,133,29.45
11,134,30.0
11,135,30.4
11,136,29.19
11,137,29.02
11,138,28.0
11,139,27.3
11,140,28.11
11,141,26.56
11,142,26.38
11,143,26.61
11,144,27.03
11,145,25.57
11,146,23.21
11,147,22.86
11,148,22.85
11,149,22.06
11,150,22.53
11,151,22.09
11,152,22.09
11,153,22.05
11,154,23.64
11,155,23.19
11,156,23.93
11,157,24.09
11,158,24.5
11,159,27.35
11,160,25.89
11,161,26.29
11,162,28.15
11,163,27.29
11,164,27.52
11,165,28.02
11,166,28.71
11,167,29.06
11,168,30.31
11,169,30.61
11,170,31.01
11,171,31.31
11,172,30.33
11,173,32.22
11,174,30.78
11,175,34.12
11,176,31.25
11,177,31.83
11,178,31.28
11,179,32.62
11,180,32.34
11,181,32.99
11,182,32.25
11,183,33.61
11,184,32.72
11,185,32.43
11,186,32.18
11,187,31.16
11,188,32.3
11,189,32.31
11,190,28.9
11,191,30.94
11,192,29.92
11,193,28.19
11,194,27.88
11,195,27.53
11,196,26.75
11,197,27.5
11,198,28.12
11,199,25.74
11,200,27.07
11,201,26.77
11,202,24.0
11,203,26.23
11,204,25.74
11,205,26.59
11,206,25.33
11,207,25.08
11,208,26.18
11,209,25.26
11,210,25.15
11,211,25.04
11,212,24.13
11,213,25.17
11,214,24.87
11,215,25.64
11,216,26.35
11,217,27.24
11,218,26.66
11,219,27.76
11,220,27.06
11,221,28.62
11,222,28.66
11,223,27.87
11,224,27.83
11,225,31.35
11,226,30.22
11,227,30.57
11,228,31.24
11,229,31.81
11,230,30.41
11,231,32.04
11,232,30.28
11,233,31.47
11,234,30.76
11,235,30.88
11,236,31.39
11,237,29.98
11,238,31.83
11,239,30.55
11,240,29.05
11,241,29.6
11,242,30.1
11,243,30.2
11,244,30.74
11,245,28.69
11,246,28.22
11,247,28.86
11,248,27.42
11,249,27.11
11,250,27.47
11,251,26.17
11,252,27.01
11,253,26.08
11,254,24.45
11,255,24.88
11,256,25.03
11,257,25.53
11,258,25.21
11,259,23.8
11,260,24.16
11,261,25.37
11,262,25.86
11,263,24.49
11,264,26.6
11,265,25.35
11,266,26.74
11,267,26.89
11,268,26.99
11,269,26.51
11,270,28.65
11,271,26.63
11,272,28.84
11,273,28.37
11,274,28.92
11,275,27.14
11,276,27.84
11,277,28.49
11,278,29.59
11,279,29.29
11,280,28.35
11,281,27.16
11,282,28.85
11,283,27.33
11,284,27.58
11,285,27.29
11,286,25.69
11,287,26.64
11,288,27.25
11,289,26.03
11,290,25.34
11,291,26.64
11,292,25.97
11,293,24.93
11,294,24.37
11,295,24.04
11,296,23.21
11,297,23.9
11,298,22.13
11,299,23.36
11,300,21.64
11,301,23.12
11,302,20.82
11,303,22.49
11,304,23.42
11,305,23.09
11,306,23.5
11,307,23.34
11,308,24.72
11,309,26.05
11,310,24.97
11,311,24.0
11,312,25.82
11,313,25.01
11,314,25.83
11,315,27.32
11,316,26.06
11,317,27.09
11,318,25.78
11,319,25.56
11,320,25.86
11,321,25.63
11,322,25.57
11,323,25.68
11,324,24.7
11,325,24.43
11,326,24.42
11,327,24.54
11,328,24.12
11,329,25.1
11,330,24.32
11,331,26.57
11,332,26.26
11,333,27.82
11,334,27.88
11,335,28.06
11,336,28.84
11,337,28.73
11,338,30.41
11,339,29.92
11,340,31.11
11,341,31.41
11,342,32.21
11,343,33.96
11,344,32.81
11,345,35.01
11,346,35.25
11,347,33.6
11,348,35.39
11,349,36.21
11,350,36.41
11,351,37.17
11,352,38.41
11,353,37.57
11,354,37.75
11,355,37.6
11,356,36.24
11,357,36.69
11,358,37.53
11,359,38.83
11,360,38.31
11,361,38.54
11,362,36.34
11,363,36.62
11,364,36.11
11,365,38.19
11,366,37.75
11,367,35.33
11,368,34.47
11,369,33.4
11,370,33.14
11,371,32.84
11,372,31.92
11,373,32.88
11,374,34.12
11,375,31.32
11,376,31.18
11,377,28.91
11,378,31.61
11,379,29.85
11,380,28.57
11,381,27.92
11,382,27.4
11,383,27.56
11,384,26.63
11,385,26.13
11,386,25.49
11,387,24.7
11,388,25.36
11,389,24.14
11,390,24.75
11,391,24.83
11,392,23.71
11,393,24.96
11,394,26.91
11,395,27.85
11,396,26.52
11,397,27.34
11,398,27.87
11,399,28.25
11,400,28.56
11,401,28.45
11,402,27.85
11,403,27.27
11,404,28.52
11,405,28.74
11,406,28.36
11,407,27.91
11,408,27.92
11,409,28.04
11,410,27.59
11,411,27.37
11,412,26.04
11,413,27.3
11,414,25.16
11,415,26.29
11,416,26.41
11,417,26.28
11,418,26.01
11,419,26.73
11,420,26.52
11,421,26.95
11,422,26.19
11,423,25.91
11,424,26.82
11,425,26.92
11,426,26.56
11,427,27.5
11,428,26.21
11,429,26.65
11,430,26.97
11,431,26.23
11,432,26.72
11,433,26.49
11,434,25.58
11,435,25.41
11,436,24.81
11,437,23.55
11,438,23.32
11,439,23.9
11,440,22.48
11,441,20.51
11,442,20.63
11,443,21.05
11,444,21.19
11,445,21.4
11,446,18.97
11,447,18.44
11,448,17.44
11,449,20.22
11,450,19.99
11,451,19.79
11,452,20.48
11,453,20.15
11,454,19.91
11,455,19.07
11,456,19.49
11,457,21.51
11,458,21.86
11,459,21.09
11,460,21.27
11,461,21.68
11,462,21.7
11,463,24.5
11,464,26.58
11,465,26.68
11,466,25.8
11,467,26.73
11,468,26.41
11,469,27.08
11,470,27.54
11,471,28.77
11,472,30.66
11,473,30.18
11,474,30.22
11,475,31.39
11,476,31.02
11,477,31.74
11,478,32.48
11,479,32.91
11,480,33.17
11,481,34.34
11,482,33.06
11,483,33.2
11,484,33.89
11,485,34.64
11,486,34.12
11,487,33.88
11,488,36.0
11,489,34.7
11,490,35.54
11,491,34.37
11,492,35.38
11,493,35.83
11,494,33.35
11,495,35.3
11,496,33.01
11,497,33.42
11,498,32.56
11,499,32.48
11,500,31.9
11,501,33.11
11,502,29.8
11,503,33.39
11,504,29.66
11,505,31.74
11,506,28.35
11,507,28.75
11,508,29.13
11,509,26.95
11,510,28.71
11,511,26.83
11,512,26.77
11,513,27.61
11,514,25.56
11,515,24.47
11,516,24.93
11,517,22.14
11,518,26.43
11,519,25.87
11,520,25.67
11,521,25.61
11,522,24.84
11,523,26.54
11,524,25.57
11,525,25.25
11,526,24.93
11,527,26.24
11,528,25.85
11,529,26.04
11,530,25.99
11,531,27.38
11,532,27.52
11,533,27.6
11,534,29.19
11,535,29.11
11,536,28.97
11,537,29.8
11,538,30.09
11,539,31.11
11,540,31.23
11,541,32.61
11,542,33.94
11,543,31.92
11,544,34.17
11,545,35.48
11,546,35.44
11,547,34.69
11,548,35.93
11,549,36.98
11,550,35.8
11,551,38.05
11,552,38.97
11,553,36.39
11,554,38.39
11,555,38.215
11,556,38.04
11,557,38.05
11,558,37.16
11,559,37.35
11,560,37.35
11,561,36.95
11,562,33.31
11,563,36.22
11,564,36.15
11,565,35.39
11,566,34.88
11,567,34.24
11,568,34.02
11,569,31.2
11,570,32.98
11,571,32.8
11,572,31.98
11,573,28.78
11,574,30.2
11,575,31.49
11,576,29.35
11,577,28.55
11,578,27.4
11,579,27.35
11,580,27.25
11,581,24.97
11,582,25.51
11,583,25.41
11,584,25.62
11,585,27.16
11,586,26.7
11,587,27.6
11,588,28.15
11,589,28.18
11,590,28.24
11,591,28.99
11,592,29.33
11,593,28.71
11,594,27.69
11,595,29.34
11,596,27.9
11,597,28.05
11,598,28.72
11,599,28.63
11,600,29.36
11,601,30.56
11,602,28.08
11,603,28.58
11,604,27.36
11,605,28.42
11,606,27.63
11,607,28.29
11,608,26.71
11,609,26.38
11,610,26.4
11,611,26.16
11,612,27.85
11,613,26.83
11,614,26.73
11,615,28.89
11,616,27.24
11,617,28.68
11,618,28.84
11,619,27.87
11,620,28.52
11,621,29.88
11,622,29.26
11,623,27.99
11,624,29.71
11,625,30.57
11,626,29.33
11,627,29.68
11,628,28.84
11,629,29.17
11,630,30.5
11,631,28.52
11,632,28.54
11,633,27.23
11,634,27.1
11,635,28.48
11,636,28.73
11,637,29.06
11,638,27.91
11,639,28.55
11,640,28.73
11,641,29.42
11,642,30.73
11,643,31.59
11,644,31.7
11,645,33.03
11,646,31.38
11,647,32.905
11,648,34.43
11,649,31.9
11,650,34.19
11,651,35.47
11,652,35.59
11,653,36.2
11,654,34.98
11,655,38.28
11,656,37.76
11,657,39.09
11,658,39.09
11,659,39.09
11,660,39.09
11,661,39.09
11,662,39.09
11,663,39.09
11,664,39.09
11,665,39.09
11,666,39.09
11,667,39.09
12,0,26.77
12,1,26.77
12,2,26.77
12,3,26.77
12,4,26.77
12,5,26.77
12,6,27.793333333333333
12,7,28.816666666666666
12,8,29.84
12,9,30.86333333333333
12,10,31.886666666666663
12,11,32.91
12,12,33.93333333333333
12,13,34.95666666666666
12,14,35.98
12,15,40.51
12,16,39.35
12,17,39.19
12,18,38.67
12,19,38.81
12,20,38.43
12,21,38.6
12,22,38.92
12,23,37.78
12,24,35.88
12,25,36.01
12,26,37.05
12,27,35.66
12,28,33.69
12,29,35.18
12,30,36.15
12,31,31.88
12,32,34.17
12,33,34.73
12,34,33.95
12,35,34.7
12,36,34.3
12,37,35.55
12,38,33.14
12,39,35.08
12,40,35.14
12,41,34.13
12,42,33.33
12,43,34.33
12,44,33.18
12,45,33.37
12,46,33.44
12,47,31.76
12,48,31.23
12,49,30.53
12,50,31.33
12,51,30.48
12,52,30.08
12,53,30.6
12,54,31.96
12,55,31.92
12,56,30.82
12,57,30.25
12,58,31.01
12,59,31.1
12,60,30.53
12,61,31.79
12,62,31.4
12,63,30.73
12,64,32.27
12,65,29.36
12,66,30.08
12,67,30.54
12,68,29.85
12,69,28.79
12,70,28.52
12,71,29.58
12,72,31.01
12,73,28.36
12,74,27.94
12,75,26.77
12,76,27.29
12,77,27.04
12,78,27.71
12,79,27.2
12,80,26.94
12,81,26.06
12,82,26.33
12,83,26.74
12,84,26.02
12,85,27.31
12,86,25.13
12,87,26.26
12,88,24.54
12,89,25.16
12,90,25.07
12,91,24.21
12,92,25.76
12,93,25.6
12,94,26.48
12,95,26.98
12,96,26.83
12,97,26.68
12,98,28.6
12,99,29.0
12,100,29.41
12,101,29.69
12,102,30.12
12,103,30.9
12,104,31.32
12,105,31.13
12,106,31.63
12,107,31.84
12,108,32.46
12,109,31.27
12,110,32.93
12,111,33.29
12,112,32.4
12,113,32.38
12,114,33.23
12,115,32.42
12,116,33.17
12,117,32.4
12,118,32.47
12,119,32.94
12,120,32.98
12,121,30.16
12,122,31.45
12,123,31.62
12,124,31.57
12,125,29.15
12,126,30.5
12,127,28.12
12,128,29.71
12,129,28.47
12,130,29.75
12,131,27.13
12,132,26.03
12,133,25.36
12,134,26.41
12,135,24.58
12,136,26.24
12,137,24.37
12,138,23.13
12,139,24.41
12,140,22.05
12,141,22.72
12,142,22.61
12,143,20.66
12,144,22.15
12,145,23.15
12,146,22.06
12,147,21.62
12,148,23.14
12,149,21.42
12,150,20.85
12,151,20.53
12,152,22.14
12,153,21.47
12,154,21.61
12,155,20.54
12,156,22.11
12,157,24.31
12,158,25.23
12,159,25.53
12,160,26.63
12,161,25.51
12,162,26.9
12,163,27.14
12,164,28.27
12,165,28.44
12,166,28.89
12,167,30.78
12,168,30.37
12,169,32.0
12,170,30.54
12,171,30.93
12,172,31.24
12,173,34.29
12,174,33.41
12,175,34.02
12,176,32.75
12,177,36.75
12,178,33.87
12,179,35.47
12,180,36.43
12,181,37.31
12,182,36.17
12,183,37.04
12,184,37.04
12,185,36.9
12,186,38.54
12,187,38.46
12,188,38.42
12,189,37.13
12,190,37.39
12,191,36.72
12,192,37.56
12,193,38.39
12,194,37.27
12,195,37.52
12,196,35.78
12,197,34.9
12,198,36.11
12,199,36.03
12,200,33.63
12,201,32.8
12,202,32.32
12,203,33.14
12,204,32.93
12,205,32.71
12,206,29.75
12,207,30.2
12,208,29.37
12,209,30.08
12,210,28.06
12,211,28.25
12,212,26.69
12,213,26.8
12,214,25.82
12,215,25.474285714285713
12,216,25.12857142857143
12,217,24.782857142857143
12,218,24.437142857142856
12,219,24.09142857142857
12,220,23.745714285714286
12,221,23.4
12,222,21.7
12,223,19.12
12,224,20.17
12,225,19.2
12,226,19.75
12,227,19.56
12,228,20.34
12,229,19.42
12,230,20.47
12,231,16.94
12,232,19.89
12,233,19.46
12,234,21.67
12,235,20.52
12,236,19.43
12,237,20.7
12,238,20.51
12,239,20.73
12,240,19.66
12,241,21.2
12,242,21.07
12,243,20.57
12,244,22.82
12,245,23.56
12,246,25.44
12,247,23.7
12,248,25.2
12,249,26.34
12,250,27.73
12,251,27.44
12,252,27.52
12,253,28.58
12,254,28.73
12,255,31.07
12,256,28.99
12,257,29.54
12,258,30.12
12,259,30.48
12,260,30.27
12,261,31.84
12,262,31.81
12,263,31.94
12,264,32.45
12,265,34.14
12,266,34.97
12,267,33.94
12,268,34.07
12,269,34.6
12,270,36.26
12,271,34.29
12,272,36.39
12,273,35.22
12,274,34.74
12,275,36.48
12,276,35.27
12,277,34.66
12,278,33.67
12,279,34.66
12,280,35.66
12,281,30.64
12,282,33.31
12,283,32.29
12,284,33.01
12,285,33.25
12,286,32.65
12,287,30.65
12,288,30.57
12,289,29.61
12,290,32.18
12,291,31.6
12,292,30.77
12,293,32.87
12,294,31.12
12,295,33.03
12,296,32.53
12,297,35.77
12,298,34.98
12,299,33.92
12,300,36.88
12,301,37.98
12,302,40.04
12,303,36.88
12,304,36.36
12,305,38.21
12,306,39.34
12,307,38.58
12,308,39.77
12,309,40.05
12,310,39.49
12,311,39.29
12,312,39.53
12,313,40.61
12,314,40.49
12,315,40.07
12,316,39.45
12,317,39.75
12,318,38.39
12,319,39.39
12,320,38.78
12,321,39.76
12,322,37.08
12,323,36.69
12,324,36.72
12,325,36.44
12,326,35.75
12,327,35.77
12,328,35.66
12,329,33.75
12,330,33.33
12,331,34.01
12,332,32.28
12,333,33.36
12,334,34.02
12,335,32.45
12,336,29.77
12,337,30.22
12,338,30.76
12,339,30.77
12,340,30.81
12,341,27.78
12,342,27.99
12,343,28.69
12,344,25.07
12,345,26.05
12,346,25.98
12,347,25.65
12,348,25.86
12,349,26.0
12,350,26.03
12,351,25.55
12,352,25.89
12,353,23.94
12,354,25.15
12,355,24.89
12,356,24.17
12,357,23.92
12,358,23.57
12,359,23.4
12,360,22.86
12,361,21.79
12,362,22.05
12,363,22.04
12,364,21.27
12,365,20.36
12,366,20.88
12,367,19.44
12,368,17.34
12,369,19.49
12,370,18.76
12,371,18.02
12,372,18.55
12,373,17.5
12,374,18.75
12,375,17.16
12,376,16.69
12,377,18.52
12,378,19.59
12,379,19.44
12,380,19.71
12,381,19.56
12,382,20.89
12,383,21.31
12,384,20.52
12,385,21.54
12,386,22.27
12,387,22.24
12,388,23.73
12,389,23.51
12,390,23.15
12,391,23.12
12,392,24.09
12,393,24.21
12,394,25.07
12,395,24.53
12,396,24.76
12,397,24.76
12,398,25.05
12,399,24.68
12,400,25.55
12,401,26.16
12,402,25.56
12,403,25.31
12,404,25.09
12,405,25.01
12,406,24.47
12,407,23.59
12,408,23.43
12,409,22.4
12,410,22.88
12,411,21.85
12,412,22.23
12,413,22.91
12,414,23.37
12,415,22.35
12,416,24.88
12,417,23.75
12,418,25.65
12,419,25.48
12,420,26.79
12,421,26.69
12,422,27.5
12,423,27.7
12,424,27.74
12,425,29.02
12,426,29.1
12,427,29.97
12,428,29.29
12,429,30.35
12,430,30.22
12,431,30.15
12,432,30.72
12,433,30.56
12,434,31.29
12,435,29.99
12,436,29.51
12,437,30.35
12,438,29.46
12,439,30.4
12,440,29.24
12,441,30.2
12,442,29.4
12,443,30.4
12,444,29.23
12,445,27.99
12,446,26.61
12,447,28.57
12,448,27.94
12,449,27.92
12,450,27.36
12,451,25.29
12,452,25.185
12,453,25.08
12,454,24.974999999999998
12,455,24.869999999999997
12,456,24.765
12,457,24.66
12,458,24.555
12,459,24.45
12,460,26.27
12,461,26.436333333333334
12,462,26.602666666666668
12,463,26.769
12,464,26.935333333333332
12,465,27.101666666666667
12,466,27.268
12,467,27.434333333333335
12,468,27.600666666666665
12,469,27.767
12,470,27.933333333333334
12,471,28.099666666666668
12,472,28.266000000000002
12,473,28.432333333333332
12,474,28.598666666666666
12,475,28.765
12,476,28.931333333333335
12,477,29.09766666666667
12,478,29.264
12,479,29.430333333333333
12,480,29.596666666666668
12,481,29.763
12,482,29.929333333333332
12,483,30.095666666666666
12,484,30.262
12,485,30.428333333333335
12,486,30.59466666666667
12,487,30.761000000000003
12,488,30.927333333333333
12,489,31.093666666666667
12,490,31.26
12,491,29.57
12,492,29.07
12,493,29.17
12,494,28.59
12,495,26.83
12,496,25.6
12,497,26.05
12,498,25.56
12,499,25.77
12,500,25.74
12,501,24.84
12,502,24.27
12,503,24.14
12,504,23.83
12,505,23.34
12,506,21.66
12,507,21.94
12,508,21.89
12,509,18.45
12,510,19.99
12,511,21.27
12,512,19.95
12,513,20.76
12,514,21.03
12,515,22.23
12,516,21.67
12,517,22.04
12,518,22.39
12,519,24.17
12,520,22.94
12,521,24.2
12,522,23.5
12,523,25.08
12,524,25.27
12,525,25.88
12,526,26.63
12,527,27.95
12,528,27.58
12,529,27.56
12,530,28.66
12,531,28.32
12,532,29.27
12,533,29.81
12,534,31.02
12,535,30.97
12,536,31.17
12,537,33.54
12,538,33.27
12,539,33.29
12,540,35.27
12,541,35.72
12,542,34.73
12,543,36.3
12,544,36.4
12,545,37.3
12,546,36.39
12,547,37.36
12,548,38.36
12,549,37.93
12,550,37.95
12,551,39.36
12,552,38.72
12,553,39.02
12,554,38.9
12,555,39.18
12,556,39.91
12,557,39.29
12,558,39.17
12,559,37.89
12,560,38.43
12,561,38.6
12,562,38.78
12,563,37.1
12,564,36.37
12,565,38.29
12,566,35.28
12,567,35.8
12,568,34.26
12,569,35.63
12,570,32.54
12,571,32.26
12,572,32.44
12,573,32.72
12,574,31.55
12,575,31.53
12,576,32.33
12,577,32.31
12,578,28.25
12,579,29.82
12,580,28.13
12,581,27.09
12,582,26.82
12,583,27.36
12,584,26.39
12,585,26.02
12,586,24.97
12,587,25.25
12,588,26.37
12,589,23.65
12,590,24.41
12,591,21.03
12,592,23.33
12,593,23.055714285714284
12,594,22.78142857142857
12,595,22.507142857142856
12,596,22.232857142857142
12,597,21.958571428571428
12,598,21.684285714285714
12,599,21.41
12,600,21.8
12,601,20.1
12,602,20.95
12,603,18.82
12,604,18.29
12,605,20.21
12,606,18.3
12,607,21.22
12,608,22.55
12,609,21.33
12,610,20.58
12,611,21.73
12,612,23.27
12,613,22.6
12,614,23.03
12,615,22.78
12,616,21.08
12,617,22.44
12,618,23.32
12,619,22.57
12,620,22.0
12,621,21.66
12,622,22.23
12,623,22.8
12,624,22.58
12,625,24.3
12,626,23.79
12,627,24.72
12,628,25.18
12,629,25.44
12,630,26.2
12,631,25.9
12,632,26.37
12,633,26.59
12,634,26.47
12,635,26.71
12,636,26.95
12,637,27.25
12,638,29.1
12,639,26.93
12,640,27.91
12,641,28.01
12,642,27.44
12,643,27.83
12,644,26.93
12,645,25.6
12,646,26.54
12,647,25.83
12,648,26.16
12,649,24.8
12,650,25.58
12,651,25.145714285714284
12,652,24.71142857142857
12,653,24.277142857142856
12,654,23.84285714285714
12,655,23.408571428571427
12,656,22.974285714285713
12,657,22.54
12,658,21.77
12,659,21.85
12,660,22.67
12,661,23.23
12,662,22.86
12,663,24.33
12,664,25.06
12,665,27.0
12,666,26.01
12,667,26.26
12,668,28.11
12,669,27.42
12,670,28.43
12,671,30.24
12,672,30.38
12,673,30.26
12,674,30.67
12,675,30.92
12,676,31.8
12,677,32.11
12,678,33.1
12,679,34.18
12,680,31.37
12,681,33.82
12,682,35.08
12,683,31.92
12,684,33.96
12,685,34.31
12,686,34.87
12,687,36.79
12,688,38.87
12,689,38.34
12,690,36.71
12,691,37.61
12,692,38.0
12,693,38.55
12,694,38.54
12,695,35.79
12,696,38.65
12,697,38.07
12,698,36.89
12,699,37.48
12,700,36.98
12,701,35.03
12,702,35.81
12,703,33.86
12,704,33.67
12,705,33.58
12,706,33.97
12,707,34.13
12,708,32.76
12,709,32.55
12,710,31.02
12,711,32.23
12,712,30.61
12,713,30.14
12,714,30.01
12,715,30.14
12,716,27.97
12,717,29.82
12,718,27.98
12,719,26.98
12,720,27.63
12,721,26.01
12,722,26.12
12,723,24.83
12,724,24.81
12,725,24.4
12,726,23.62
12,727,23.66
12,728,22.47
12,729,23.01
12,730,22.16
12,731,20.96
12,732,21.13
12,733,20.43
12,734,21.61
12,735,21.19
12,736,18.98
12,737,18.65
12,738,20.19
12,739,20.34
12,740,20.3
12,741,20.4
12,742,19.69
12,743,19.71
12,744,19.32
12,745,19.22
12,746,18.89
12,747,18.08
12,748,21.1
12,749,20.43
12,750,22.32
12,751,21.32
12,752,22.53
12,753,23.06
12,754,23.41
12,755,23.79
12,756,24.23
12,757,37.63
12,758,24.55
12,759,26.55
12,760,27.36
12,761,25.87
12,762,26.22
12,763,26.99
12,764,28.29
12,765,28.26
12,766,29.31
12,767,28.22
12,768,29.38
12,769,29.9
12,770,29.7
12,771,29.52
12,772,29.14
12,773,29.76
12,774,28.46
12,775,29.14
12,776,29.38
12,777,29.41
12,778,28.93
12,779,28.43
12,780,28.02
12,781,28.06
12,782,27.64
12,783,27.37
12,784,26.5
12,785,27.01
12,786,24.87
12,787,25.51
12,788,23.85
12,789,26.03
12,790,25.0
12,791,24.75
12,792,24.88
12,793,25.4
12,794,25.44
12,795,26.95
12,796,25.89
12,797,27.85
12,798,27.36
12,799,27.69
12,800,26.3
12,801,28.1
12,802,29.24
12,803,30.02
12,804,29.62
12,805,29.18
12,806,29.64
12,807,28.98
12,808,29.27
12,809,28.47
12,810,29.7
12,811,30.22
12,812,30.16
12,813,29.15
12,814,28.79
12,815,29.66
12,816,28.17
12,817,27.12
12,818,27.11
12,819,28.1
12,820,26.39
12,821,25.91
12,822,26.17
12,823,26.475
12,824,26.78
12,825,25.55
12,826,26.78
12,827,28.9
12,828,29.64
12,829,30.82
12,830,28.78
12,831,31.29
12,832,29.95
12,833,34.07
12,834,33.34
12,835,32.37
12,836,34.83
12,837,36.42
12,838,34.92
12,839,35.44
12,840,37.41
12,841,37.39
12,842,37.17
12,843,39.22
12,844,37.62
12,845,39.25
12,846,39.5
12,847,39.8
12,848,39.48
12,849,40.29
12,850,40.01
12,851,40.32
12,852,40.11
12,853,40.49
12,854,41.32
12,855,39.36
12,856,40.79
12,857,40.13
12,858,41.07
12,859,40.1
12,860,39.73
12,861,40.2
12,862,39.13
12,863,39.27
12,864,38.34
12,865,38.55
12,866,37.99
12,867,38.24
12,868,37.75
12,869,37.23
12,870,36.75
12,871,36.23
12,872,35.42
12,873,35.68
12,874,35.12
12,875,32.34
12,876,33.12
12,877,30.25
12,878,33.49
12,879,29.78
12,880,29.91
12,881,29.74
12,882,29.45
12,883,26.92
12,884,28.27
12,885,28.1
12,886,27.32
12,887,26.19
12,888,24.92
12,889,26.95
12,890,26.79
12,891,27.19
12,892,26.34
12,893,29.38
12,894,28.83
12,895,27.97
12,896,29.48
12,897,30.04
12,898,31.24
12,899,30.04
12,900,31.0
12,901,31.42
12,902,29.39
12,903,30.59
12,904,29.67
12,905,32.68
12,906,31.72
12,907,30.57
12,908,31.05
12,909,31.23
12,910,31.43
12,911,32.51
12,912,28.97
12,913,29.82
12,914,31.33
12,915,29.88
12,916,30.15
12,917,30.99
12,918,27.87
12,919,28.27
12,920,28.42
12,921,28.55
12,922,27.86
12,923,27.01
12,924,27.58
12,925,26.59
12,926,26.9
12,927,25.37
12,928,25.15
12,929,25.07
12,930,23.99
12,931,24.07
12,932,25.34
12,933,23.45
12,934,25.16
12,935,25.77
12,936,25.13
12,937,24.8
12,938,25.49
12,939,25.17
12,940,25.28
12,941,25.044285714285714
12,942,24.80857142857143
12,943,24.572857142857142
12,944,24.337142857142858
12,945,24.10142857142857
12,946,23.865714285714287
12,947,23.63
12,948,23.5
12,949,26.08
12,950,27.92
12,951,26.96
12,952,27.35
12,953,28.31
12,954,28.0
12,955,28.01
12,956,31.32
12,957,29.98
12,958,30.02
12,959,31.0
12,960,32.64
12,961,31.75
12,962,33.27
12,963,33.23
12,964,33.75
12,965,34.61
12,966,35.05
12,967,34.47
12,968,35.18
12,969,35.99
12,970,34.07
12,971,36.2
12,972,37.66
12,973,38.27
12,974,36.44
12,975,37.44
12,976,37.25142857142857
12,977,37.06285714285714
12,978,36.87428571428571
12,979,36.68571428571428
12,980,36.497142857142855
12,981,36.308571428571426
12,982,36.12
12,983,35.79
12,984,35.56
12,985,35.68
12,986,35.2
12,987,34.23
12,988,35.45
12,989,33.01
12,990,33.49
12,991,32.56
12,992,31.14
12,993,32.09
12,994,32.01
12,995,29.11
12,996,32.51
12,997,29.34
12,998,28.34
12,999,28.83
12,1000,29.51
12,1001,27.81
12,1002,25.33
12,1003,27.15
12,1004,25.4
12,1005,26.65
12,1006,25.81
12,1007,25.07
12,1008,23.08
12,1009,23.0
12,1010,23.49
12,1011,23.75
12,1012,23.35
12,1013,23.67
12,1014,23.64
12,1015,25.69
12,1016,25.48
12,1017,24.87
12,1018,24.13
12,1019,25.42
12,1020,25.71
12,1021,25.46
12,1022,24.04
12,1023,26.18
12,1024,26.14
12,1025,27.3
12,1026,27.02
12,1027,27.26
12,1028,28.79
12,1029,29.28
12,1030,28.92
12,1031,29.07
12,1032,30.63
12,1033,31.56
12,1034,31.39
12,1035,31.48
12,1036,31.2
12,1037,31.34
12,1038,32.92
12,1039,31.37
12,1040,31.33
12,1041,33.43
12,1042,33.56
12,1043,31.67
12,1044,33.61
12,1045,33.34
12,1046,33.99
12,1047,34.03
12,1048,33.76
12,1049,32.1
12,1050,35.51
12,1051,32.83
12,1052,35.21
12,1053,34.64
12,1054,31.09
12,1055,33.72
12,1056,34.33
12,1057,33.72
12,1058,35.2
12,1059,35.2
12,1060,35.2
12,1061,35.2
12,1062,35.2
12,1063,35.2
12,1064,35.2
12,1065,35.2
12,1066,35.2
12,1067,35.2
12,1068,35.2
12,1069,35.2
12,1070,35.2
12,1071,35.2
12,1072,35.2
12,1073,35.2
12,1074,35.2
12,1075,35.2
12,1076,35.2
12,1077,35.2
12,1078,35.2
13,0,42.73
13,1,42.73
13,2,42.73
13,3,42.73
13,4,42.73
13,5,42.73
13,6,42.73
13,7,42.73
13,8,42.73
13,9,35.74
13,10,38.14
13,11,37.23
13,12,36.71
13,13,35.65
13,14,36.54
13,15,33.93
13,16,35.81
13,17,36.03
13,18,33.44
13,19,35.49
13,20,35.88
13,21,35.03
13,22,33.3
13,23,33.97
13,24,32.88
13,25,32.97
13,26,33.57
13,27,31.37
13,28,30.16
13,29,31.72
13,30,30.03
13,31,29.93
13,32,28.47
13,33,27.91
13,34,24.64
13,35,28.05
13,36,26.67
13,37,27.74
13,38,28.32
13,39,27.03
13,40,27.77
13,41,29.24
13,42,33.03
13,43,32.12
13,44,31.76
13,45,31.83
13,46,32.34
13,47,34.2
13,48,35.81
13,49,35.19
13,50,34.3
13,51,35.04
13,52,34.06
13,53,34.57
13,54,37.03
13,55,36.02
13,56,36.2
13,57,35.6
13,58,34.47
13,59,32.88
13,60,37.37
13,61,36.98
13,62,36.43
13,63,36.69
13,64,34.97
13,65,34.86
13,66,35.72
13,67,35.67
13,68,34.51
13,69,34.1
13,70,35.37
13,71,34.2
13,72,34.52
13,73,33.16
13,74,34.77
13,75,33.15
13,76,32.04
13,77,34.65
13,78,32.84
13,79,30.62
13,80,32.83
13,81,30.33
13,82,30.03
13,83,28.5
13,84,26.42
13,85,29.88
13,86,28.51
13,87,27.66
13,88,25.61
13,89,27.36
13,90,26.36
13,91,26.14
13,92,25.49
13,93,23.88
13,94,24.47
13,95,24.89
13,96,25.13
13,97,26.05
13,98,24.26
13,99,25.59
13,100,25.84
13,101,26.6
13,102,27.26
13,103,27.26
13,104,27.8
13,105,27.02
13,106,27.57
13,107,27.4
13,108,28.41
13,109,28.54
13,110,29.33
13,111,29.56
13,112,29.08
13,113,29.09
13,114,29.42
13,115,29.29
13,116,29.41
13,117,28.5
13,118,29.23
13,119,28.74
13,120,29.19
13,121,27.41
13,122,28.78
13,123,26.64
13,124,29.29
13,125,26.99
13,126,27.6
13,127,25.72
13,128,26.87
13,129,25.35
13,130,25.95
13,131,25.71
13,132,25.0
13,133,22.82
13,134,22.32
13,135,23.12
13,136,23.49
13,137,22.22
13,138,23.06
13,139,22.81
13,140,22.37
13,141,24.41
13,142,24.2
13,143,24.57
13,144,24.38
13,145,25.27
13,146,24.43
13,147,24.47
13,148,25.1
13,149,25.35
13,150,25.15
13,151,24.56
13,152,24.51
13,153,24.5
13,154,24.42
13,155,24.53
13,156,24.32
13,157,23.25
13,158,23.05
13,159,23.07
13,160,22.98
13,161,23.55
13,162,23.51
13,163,23.72
13,164,24.86
13,165,24.84
13,166,23.99
13,167,25.04
13,168,23.91
13,169,23.56
13,170,23.66
13,171,23.88
13,172,24.13
13,173,23.61
13,174,23.85
13,175,23.02
13,176,22.63
13,177,21.73
13,178,22.3
13,179,20.64
13,180,21.4
13,181,21.23
13,182,20.52
13,183,20.77
13,184,23.24
13,185,23.316666666666666
13,186,23.39333333333333
13,187,23.47
13,188,23.546666666666667
13,189,23.62333333333333
13,190,23.7
13,191,24.37
13,192,25.19
13,193,26.42
13,194,25.66
13,195,26.64
13,196,27.094285714285714
13,197,27.548571428571428
13,198,28.002857142857142
13,199,28.45714285714286
13,200,28.911428571428573
13,201,29.365714285714287
13,202,29.82
13,203,28.66
13,204,29.91
13,205,30.61
13,206,29.2
13,207,30.38
13,208,29.91
13,209,31.03
13,210,31.79
13,211,31.25
13,212,31.22
13,213,30.66
13,214,32.32
13,215,32.68
13,216,29.94
13,217,31.54
13,218,31.45
13,219,31.05
13,220,30.26
13,221,31.32
13,222,29.45
13,223,31.26
13,224,28.84
13,225,30.01
13,226,30.03
13,227,29.94
13,228,27.78
13,229,29.41
13,230,30.18
13,231,26.79
13,232,27.71
13,233,28.7
13,234,30.01
13,235,28.97
13,236,29.42
13,237,29.93
13,238,30.65
13,239,29.27
13,240,28.85
13,241,28.61
13,242,28.37
13,243,28.49
13,244,29.5
13,245,29.43
13,246,27.72
13,247,28.99
13,248,27.99
13,249,28.97
13,250,27.75
13,251,27.35
13,252,28.21
13,253,26.4
13,254,26.49
13,255,25.16
13,256,24.37
13,257,24.9
13,258,22.69
13,259,24.27
13,260,22.26
13,261,22.58
13,262,21.22
13,263,21.98
13,264,21.37
13,265,20.77
13,266,21.04
13,267,20.79
13,268,21.29
13,269,20.75
13,270,22.32
13,271,21.84
13,272,21.31
13,273,21.91
13,274,22.1
13,275,22.43
13,276,21.83
13,277,22.38
13,278,23.13
13,279,21.24
13,280,21.83
13,281,21.74
13,282,22.31
13,283,22.61
13,284,21.39
13,285,21.73
13,286,19.97
13,287,20.59
13,288,19.85
13,289,20.27
13,290,21.1
13,291,20.8
13,292,22.23
13,293,22.6
13,294,23.88
13,295,23.93
13,296,24.17
13,297,25.29
13,298,24.19
13,299,24.11
13,300,26.47
13,301,26.62
13,302,25.98
13,303,26.68
13,304,28.48
13,305,29.68
13,306,29.19
13,307,30.26
13,308,29.13
13,309,31.24
13,310,31.51
13,311,31.39
13,312,31.81
13,313,31.79
13,314,33.96
13,315,31.96
13,316,34.47
13,317,36.01
13,318,35.8
13,319,36.58
13,320,37.06
13,321,36.35
13,322,37.8
13,323,38.65
13,324,38.03
13,325,38.23
13,326,37.89
13,327,37.34
13,328,39.57
13,329,38.2
13,330,38.63
13,331,38.62
13,332,38.81
13,333,39.17
13,334,38.22
13,335,37.82
13,336,38.14
13,337,39.18
13,338,37.61
13,339,40.04
13,340,39.19
13,341,38.83
13,342,35.84
13,343,35.21
13,344,35.54
13,345,36.18
13,346,34.29
13,347,34.57
13,348,34.8
13,349,33.35
13,350,33.5
13,351,32.81
13,352,32.25
13,353,30.47
13,354,30.81
13,355,29.61
13,356,31.25
13,357,30.548571428571428
13,358,29.847142857142856
13,359,29.145714285714284
13,360,28.444285714285716
13,361,27.742857142857144
13,362,27.041428571428572
13,363,26.34
13,364,24.51
13,365,27.15
13,366,25.52
13,367,24.83
13,368,23.99
13,369,23.11
13,370,22.25
13,371,24.99
13,372,23.93
13,373,24.79
13,374,25.65
13,375,26.509999999999998
13,376,27.37
13,377,28.23
13,378,29.09
13,379,27.26
13,380,28.64
13,381,29.6
13,382,29.2
13,383,28.65
13,384,29.69
13,385,31.03
13,386,31.48
13,387,31.54
13,388,32.05
13,389,33.08
13,390,32.94
13,391,32.77
13,392,32.3
13,393,33.84
13,394,33.44
13,395,31.94
13,396,35.17
13,397,33.32
13,398,35.01
13,399,33.0
13,400,34.7
13,401,34.93
13,402,33.87
13,403,33.57
13,404,32.82
13,405,32.6
13,406,34.03
13,407,33.82
13,408,32.87
13,409,34.78
13,410,34.95
13,411,32.13
13,412,31.68
13,413,31.23
13,414,31.75
13,415,30.17
13,416,29.37
13,417,28.22
13,418,28.36
13,419,29.57
13,420,28.1
13,421,27.47
13,422,25.66
13,423,25.21
13,424,25.47
13,425,24.41
13,426,25.09
13,427,27.1
13,428,25.41
13,429,23.75
13,430,25.08
13,431,23.79
13,432,24.42
13,433,23.04
13,434,25.72
13,435,24.43
13,436,26.31
13,437,26.07
13,438,27.6
13,439,26.01
13,440,26.16
13,441,27.88
13,442,28.22
13,443,27.67
13,444,29.9
13,445,28.97
13,446,29.44
13,447,29.42
13,448,29.73
13,449,30.46
13,450,29.77
13,451,29.92
13,452,31.42
13,453,30.16
13,454,30.35
13,455,29.09
13,456,29.06
13,457,29.36
13,458,30.17
13,459,29.26
13,460,29.13
13,461,28.32
13,462,28.1
13,463,27.23
13,464,27.35
13,465,27.31
13,466,26.92
13,467,26.9
13,468,24.64
13,469,25.91
13,470,25.68
13,471,25.33
13,472,25.96
13,473,26.45
13,474,26.52
13,475,27.21
13,476,26.25
13,477,25.53
13,478,25.03
13,479,26.0
13,480,25.97
13,481,25.24
13,482,25.89
13,483,26.24
13,484,26.52
13,485,26.63
13,486,27.19
13,487,27.17
13,488,27.4
13,489,26.64
13,490,27.91
13,491,27.54
13,492,26.15
13,493,27.37
13,494,27.93
13,495,27.41
13,496,25.5
13,497,26.35
13,498,26.21
13,499,23.67
13,500,24.77
13,501,25.47
13,502,24.78
13,503,24.69
13,504,23.89
13,505,22.31
13,506,23.51
13,507,23.1
13,508,25.04
13,509,24.97
13,510,24.22
13,511,24.11
13,512,25.38
13,513,24.83
13,514,25.81
13,515,26.25
13,516,24.47
13,517,25.91
13,518,25.42
13,519,25.16
13,520,25.54
13,521,25.16
13,522,26.35
13,523,25.43
13,524,24.67
13,525,24.33
13,526,25.2
13,527,23.61
13,528,24.98
13,529,23.67
13,530,22.77
13,531,23.31
13,532,23.67
13,533,21.84
13,534,21.22
13,535,20.92
13,536,22.44
13,537,21.66
13,538,21.62
13,539,21.84
13,540,23.49
13,541,22.31
13,542,23.23
13,543,21.37
13,544,23.78
13,545,22.99
13,546,22.82
13,547,23.38
13,548,24.06
13,549,22.69
13,550,23.74
13,551,24.12
13,552,24.22
13,553,23.41
13,554,24.17
13,555,25.55
13,556,25.78
13,557,26.52
13,558,27.15
13,559,27.23
13,560,25.54
13,561,27.86
13,562,26.96
13,563,27.69
13,564,28.1
13,565,27.64
13,566,29.52
13,567,28.12
13,568,29.29
13,569,30.23
13,570,30.22
13,571,31.94
13,572,32.04
13,573,33.94
13,574,32.94
13,575,33.7
13,576,33.73
13,577,33.64
13,578,33.22
13,579,35.64
13,580,33.49
13,581,33.84
13,582,35.84
13,583,36.4
13,584,34.52
13,585,37.11
13,586,37.17
13,587,35.1
13,588,34.36
13,589,36.12
13,590,35.08
13,591,35.19
13,592,33.78
13,593,35.41
13,594,33.94
13,595,33.72
13,596,32.24
13,597,33.42
13,598,33.68
13,599,31.36
13,600,31.96
13,601,31.99
13,602,29.07
13,603,30.94
13,604,29.13
13,605,29.55
13,606,28.2
13,607,27.75
13,608,26.76
13,609,26.73
13,610,27.64
13,611,26.83
13,612,25.58
13,613,25.8
13,614,26.19
13,615,25.57
13,616,25.97
13,617,26.09
13,618,26.44
13,619,26.25
13,620,26.12
13,621,26.41
13,622,24.95
13,623,27.29
13,624,27.14
13,625,25.55
13,626,26.47
13,627,25.79
13,628,25.07
13,629,25.3
13,630,25.25
13,631,25.23
13,632,24.46
13,633,24.66
13,634,23.35
13,635,24.44
13,636,24.17
13,637,24.18
13,638,23.81
13,639,23.25
13,640,23.8
13,641,24.41
13,642,24.68
13,643,24.74
13,644,24.98
13,645,22.74
13,646,23.25
13,647,23.99
13,648,23.14
13,649,23.99
13,650,23.54
13,651,24.36
13,652,24.45
13,653,25.09
13,654,25.85
13,655,26.11
13,656,26.49
13,657,27.63
13,658,28.35
13,659,29.95
13,660,28.64
13,661,29.22
13,662,29.97
13,663,29.92
13,664,31.44
13,665,31.86
13,666,30.7
13,667,30.32
13,668,32.31
13,669,32.91
13,670,33.88
13,671,32.73
13,672,34.22
13,673,33.49
13,674,34.86
13,675,34.44
13,676,34.38
13,677,34.32
13,678,36.13
13,679,33.38
13,680,33.32
13,681,34.1
13,682,35.88
13,683,35.13
13,684,34.42
13,685,32.91
13,686,35.22
13,687,34.65
13,688,34.01
13,689,32.43
13,690,34.95
13,691,33.79
13,692,37.05
13,693,35.75
13,694,34.44
13,695,37.77
13,696,38.39
13,697,37.79
13,698,38.15
13,699,39.82
13,700,38.28
13,701,40.02
13,702,38.33
13,703,40.99
13,704,41.4
13,705,41.05
13,706,42.17
13,707,42.66
13,708,42.67
13,709,42.84
13,710,42.43
13,711,43.23
13,712,44.14
13,713,44.25
13,714,43.11
13,715,44.44
13,716,44.84
13,717,44.15
13,718,43.73
13,719,42.98
13,720,43.4
13,721,42.73
13,722,41.78
13,723,41.81
13,724,42.33
13,725,40.73
13,726,41.44
13,727,40.8
13,728,41.23
13,729,38.97
13,730,39.18
13,731,39.06
13,732,39.58
13,733,38.34
13,734,37.31
13,735,37.84
13,736,37.73
13,737,35.92
13,738,35.22
13,739,35.23
13,740,34.76
13,741,34.48
13,742,32.94
13,743,33.46
13,744,32.94
13,745,31.29
13,746,31.91
13,747,30.53
13,748,30.18
13,749,30.47
13,750,29.47
13,751,28.65
13,752,28.69
13,753,26.63
13,754,28.43
13,755,27.07
13,756,25.77
13,757,25.54
13,758,25.17
13,759,24.99
13,760,25.77
13,761,26.36
13,762,27.19
13,763,26.79
13,764,26.9
13,765,26.43
13,766,26.89
13,767,28.6
13,768,27.25
13,769,27.52
13,770,27.39
13,771,27.84
13,772,27.18
13,773,27.57
13,774,28.3
13,775,29.14
13,776,28.87
13,777,29.34
13,778,29.29
13,779,30.67
13,780,28.28
13,781,29.86
13,782,30.19
13,783,30.1
13,784,28.89
13,785,29.99
13,786,29.8
13,787,29.32
13,788,28.68
13,789,29.26
13,790,28.3
13,791,27.92
13,792,26.95
13,793,26.17
13,794,27.17
13,795,25.57
13,796,26.19
13,797,24.19
13,798,24.2
13,799,24.96
13,800,23.65
13,801,23.48
13,802,22.98
13,803,21.7
13,804,21.96
13,805,21.5
13,806,19.29
13,807,19.08
13,808,19.58
13,809,19.01
13,810,17.33
13,811,17.79
13,812,16.25
13,813,18.39
13,814,18.2
13,815,17.08
13,816,17.55
13,817,17.93
13,818,18.7
13,819,20.01
13,820,19.77
13,821,20.89
13,822,21.26
13,823,21.27
13,824,20.96
13,825,21.34
13,826,22.13
13,827,21.51
13,828,21.99
13,829,22.02
13,830,21.56
13,831,23.32
13,832,22.26
13,833,22.42
13,834,22.08
13,835,21.99
13,836,21.28
13,837,22.71
13,838,25.29
13,839,25.49
13,840,26.96
13,841,26.14
13,842,27.28
13,843,28.64
13,844,28.92
13,845,29.36
13,846,30.26
13,847,30.53
13,848,29.94
13,849,31.47
13,850,32.06
13,851,32.46
13,852,31.84
13,853,31.84
13,854,33.02
13,855,33.63
13,856,33.55
13,857,32.89
13,858,33.4
13,859,33.93
13,860,33.97
13,861,36.73
13,862,34.06
13,863,32.07
13,864,32.75
13,865,33.43
13,866,31.9
13,867,31.0
13,868,29.24
13,869,30.76
13,870,29.31
13,871,30.51
13,872,29.69
13,873,29.08
13,874,30.32
13,875,29.57
13,876,27.09
13,877,29.01
13,878,26.95
13,879,26.94
13,880,26.81
13,881,25.33
13,882,26.23
13,883,26.62
13,884,26.84
13,885,26.29
13,886,25.82
13,887,25.07
13,888,26.27
13,889,25.47
13,890,25.22
13,891,26.4
13,892,23.67
13,893,25.9
13,894,23.81
13,895,25.13
13,896,23.32
13,897,22.84
13,898,23.45
13,899,22.93
13,900,24.44
13,901,24.79
13,902,26.68
13,903,26.27
13,904,26.33
13,905,27.71
13,906,26.27
13,907,27.77
13,908,27.61
13,909,28.98
13,910,29.23
13,911,30.88
13,912,27.7
13,913,31.02
13,914,30.17
13,915,30.28
13,916,30.76
13,917,29.33
13,918,32.055
13,919,34.78
13,920,35.92666666666667
13,921,37.07333333333333
13,922,38.22
13,923,38.58
13,924,38.58
14,0,39.73
14,1,39.73
14,2,39.73
14,3,39.73
14,4,39.73
14,5,39.73
14,6,39.73
14,7,39.73
14,8,39.73
14,9,39.73
14,10,39.19714285714286
14,11,38.66428571428571
14,12,38.13142857142857
14,13,37.598571428571425
14,14,37.065714285714286
14,15,36.53285714285714
14,16,36.0
14,17,39.23
14,18,38.27
14,19,38.61
14,20,37.99
14,21,37.88
14,22,37.99
14,23,36.82
14,24,36.46
14,25,37.39
14,26,35.06
14,27,36.25
14,28,36.42
14,29,34.6
14,30,33.63
14,31,34.48
14,32,37.59
14,33,37.23
14,34,35.88
14,35,35.67
14,36,34.86
14,37,35.52
14,38,35.91
14,39,34.75
14,40,34.6
14,41,35.22
14,42,34.66
14,43,34.35
14,44,33.4
14,45,32.48
14,46,33.21
14,47,33.08
14,48,31.0
14,49,31.93
14,50,30.68
14,51,30.12
14,52,28.6
14,53,28.84
14,54,29.76
14,55,29.17
14,56,28.11
14,57,27.74
14,58,27.44
14,59,26.75
14,60,26.97
14,61,24.86
14,62,24.07
14,63,25.21
14,64,25.19
14,65,24.47
14,66,26.91
14,67,26.03
14,68,25.44
14,69,26.18
14,70,26.16
14,71,27.23
14,72,27.95
14,73,28.56
14,74,28.04
14,75,27.84
14,76,28.16
14,77,28.07
14,78,27.66
14,79,28.41
14,80,27.01
14,81,25.19
14,82,26.34
14,83,26.14
14,84,25.7
14,85,25.72
14,86,24.72
14,87,25.6
14,88,23.55
14,89,23.91
14,90,24.18
14,91,24.85
14,92,25.88
14,93,26.27
14,94,27.31
14,95,26.82
14,96,29.24
14,97,29.476
14,98,29.712
14,99,29.948
14,100,30.184
14,101,30.42
14,102,31.01
14,103,31.31
14,104,30.01
14,105,32.35
14,106,32.62
14,107,33.67
14,108,33.2
14,109,30.6
14,110,33.65
14,111,33.67
14,112,32.85
14,113,33.83
14,114,34.38
14,115,33.87
14,116,35.19
14,117,32.97
14,118,34.94
14,119,32.6
14,120,32.81
14,121,33.48
14,122,31.47
14,123,31.68
14,124,32.61
14,125,31.43
14,126,31.82
14,127,33.75
14,128,34.33
14,129,31.76
14,130,33.38
14,131,34.98
14,132,33.99
14,133,34.26
14,134,36.35
14,135,35.42
14,136,35.24
14,137,34.62
14,138,34.94
14,139,36.63
14,140,36.07
14,141,36.36
14,142,36.59
14,143,35.52
14,144,36.15
14,145,36.25
14,146,36.08
14,147,35.77
14,148,35.09
14,149,35.49
14,150,35.69
14,151,33.19
14,152,34.78
14,153,34.2
14,154,34.23
14,155,31.86
14,156,32.61
14,157,33.84
14,158,31.66
14,159,31.48
14,160,31.65
14,161,31.11
14,162,30.37
14,163,31.98
14,164,29.19
14,165,27.71
14,166,29.17
14,167,26.32
14,168,27.97
14,169,26.34
14,170,25.37
14,171,25.52
14,172,28.42
14,173,26.27
14,174,26.09
14,175,27.26
14,176,26.46
14,177,27.14
14,178,28.54
14,179,27.29
14,180,30.01
14,181,27.9
14,182,29.19
14,183,29.2
14,184,28.22
14,185,26.36
14,186,26.21
14,187,29.14
14,188,26.8
14,189,27.16
14,190,28.62
14,191,28.83
14,192,27.33
14,193,27.38
14,194,27.62
14,195,25.58
14,196,26.35
14,197,25.67
14,198,25.05
14,199,27.44
14,200,30.87
14,201,28.7
14,202,30.57
14,203,30.82
14,204,32.44
14,205,31.97
14,206,31.92
14,207,34.14
14,208,31.9
14,209,35.87
14,210,35.35
14,211,36.2
14,212,33.58
14,213,35.8
14,214,36.89
14,215,35.21
14,216,37.65
14,217,37.84
14,218,35.93
14,219,38.03
14,220,38.47
14,221,35.96
14,222,37.31
14,223,37.13
14,224,37.76
14,225,38.43
14,226,37.31
14,227,38.06
14,228,38.97
14,229,37.2
14,230,37.53
14,231,35.99
14,232,36.88
14,233,34.16
14,234,35.03
14,235,34.73
14,236,33.68
14,237,35.06
14,238,33.58
14,239,32.86
14,240,32.82
14,241,31.9
14,242,32.59
14,243,31.28
14,244,32.93
14,245,30.71
14,246,29.13
14,247,29.38
14,248,28.47
14,249,28.09
14,250,29.31
14,251,28.7
14,252,28.14
14,253,28.65
14,254,28.92
14,255,28.56
14,256,29.55
14,257,28.96
14,258,30.06
14,259,30.07
14,260,28.68
14,261,29.1
14,262,30.71
14,263,29.48
14,264,29.68
14,265,29.5
14,266,31.06
14,267,29.44
14,268,28.05
14,269,29.75
14,270,27.66
14,271,27.21
14,272,26.96
14,273,27.92
14,274,27.24
14,275,25.82
14,276,25.28
14,277,24.47
14,278,24.12
14,279,23.81
14,280,24.88
14,281,25.9
14,282,25.37
14,283,25.52
14,284,27.15
14,285,26.42
14,286,27.51
14,287,28.01
14,288,27.34
14,289,27.94
14,290,30.07
14,291,29.2
14,292,30.13
14,293,30.55
14,294,29.6
14,295,29.55
14,296,29.77
14,297,29.98
14,298,29.55
14,299,28.78
14,300,31.5
14,301,30.7
14,302,29.2
14,303,28.9
14,304,29.33
14,305,28.66
14,306,28.64
14,307,28.05
14,308,27.19
14,309,27.78
14,310,27.55
14,311,28.36
14,312,27.12
14,313,27.26
14,314,26.73
14,315,26.4
14,316,24.55
14,317,24.51
14,318,23.31
14,319,22.33
14,320,23.99
14,321,22.82
14,322,23.74
14,323,22.08
14,324,23.9
14,325,23.6
14,326,24.76
14,327,22.2
14,328,25.5
14,329,25.38
14,330,25.58
14,331,25.56
14,332,26.4
14,333,25.11
14,334,25.78
14,335,25.43
14,336,26.5
14,337,25.27
14,338,26.44
14,339,26.26
14,340,25.98
14,341,25.83
14,342,26.31
14,343,25.24
14,344,26.56
14,345,26.42
14,346,26.53
14,347,25.88
14,348,26.95
14,349,26.91
14,350,27.87
14,351,27.97
14,352,27.67
14,353,28.61
14,354,28.84
14,355,29.54
14,356,30.29
14,357,28.92
14,358,31.17
14,359,32.6
14,360,32.49
14,361,33.41
14,362,31.98
14,363,32.62
14,364,34.63
14,365,34.68
14,366,36.29
14,367,35.86
14,368,34.07
14,369,36.16
14,370,37.33
14,371,39.24
14,372,39.5
14,373,39.19
14,374,38.92
14,375,37.49
14,376,37.41
14,377,39.22
14,378,37.67
14,379,40.08
14,380,40.17
14,381,40.77
14,382,39.32
14,383,40.94
14,384,39.72
14,385,39.19
14,386,38.9
14,387,38.37
14,388,38.12
14,389,37.91
14,390,37.71
14,391,38.23
14,392,36.97
14,393,36.36
14,394,36.54
14,395,34.36
14,396,35.53
14,397,34.58
14,398,32.72
14,399,32.13
14,400,32.18
14,401,32.79
14,402,31.76
14,403,32.21
14,404,31.64
14,405,30.16
14,406,28.26
14,407,28.74
14,408,28.08
14,409,27.29
14,410,26.68
14,411,27.81
14,412,26.4
14,413,26.91
14,414,26.22
14,415,26.71
14,416,27.57
14,417,28.58
14,418,27.54
14,419,31.82
14,420,31.12
14,421,33.2
14,422,30.89
14,423,30.13
14,424,31.04
14,425,32.4
14,426,31.63
14,427,34.05
14,428,33.49
14,429,33.58
14,430,32.13
14,431,32.88
14,432,33.42
14,433,32.22
14,434,33.06
14,435,32.99
14,436,31.35
14,437,32.08
14,438,31.49
14,439,31.62
14,440,31.43
14,441,31.61
14,442,30.49
14,443,31.36
14,444,29.81
14,445,27.46
14,446,27.77
14,447,30.24
14,448,27.84
14,449,27.72
14,450,30.15
14,451,30.05
14,452,28.86
14,453,32.71
14,454,28.65
14,455,31.4
14,456,30.81
14,457,33.18
14,458,32.18
14,459,33.47
14,460,34.23
14,461,32.79
14,462,35.1
14,463,34.89
14,464,34.75
14,465,35.39
14,466,37.23
14,467,36.59
14,468,36.66
14,469,36.18
14,470,35.94
14,471,36.01
14,472,37.71
14,473,36.49
14,474,36.51
14,475,35.92
14,476,35.77
14,477,36.0
14,478,34.76
14,479,35.29
14,480,35.71
14,481,34.84
14,482,33.35
14,483,34.91
14,484,33.7
14,485,33.44
14,486,33.29
14,487,32.31
14,488,30.98
14,489,30.77
14,490,29.93
14,491,29.86
14,492,29.97
14,493,27.91
14,494,27.42
14,495,25.89
14,496,27.65
14,497,27.67
14,498,25.91
14,499,24.88
14,500,24.38
14,501,26.72
14,502,27.4
14,503,27.82
14,504,28.02
14,505,27.95
14,506,29.8
14,507,28.49
14,508,31.15
14,509,30.09
14,510,31.44
14,511,30.8
14,512,32.13
14,513,32.26
14,514,33.18
14,515,32.47
14,516,33.35
14,517,34.42
14,518,32.16
14,519,32.14
14,520,32.12
14,521,32.1
14,522,32.08
14,523,32.06
14,524,31.660000000000004
14,525,31.26
14,526,32.47
14,527,31.05
14,528,30.97
14,529,31.4
14,530,29.92
14,531,29.28
14,532,28.93
14,533,28.62
14,534,26.84
14,535,27.95
14,536,26.96
14,537,26.81
14,538,25.69
14,539,24.5
14,540,26.11
14,541,24.25
14,542,23.71
14,543,23.66
14,544,22.55
14,545,23.35
14,546,22.87
14,547,19.1
14,548,20.46
14,549,21.74
14,550,20.98
14,551,20.26
14,552,19.44
14,553,20.27
14,554,19.53
14,555,19.59
14,556,13.48
14,557,17.94
14,558,18.59
14,559,19.18
14,560,16.54
14,561,19.2
14,562,19.478571428571428
14,563,19.757142857142856
14,564,20.035714285714285
14,565,20.314285714285713
14,566,20.59285714285714
14,567,20.87142857142857
14,568,21.15
14,569,21.99
14,570,21.53
14,571,21.79
14,572,21.93
14,573,23.435000000000002
14,574,24.94
14,575,24.71
14,576,25.4
14,577,25.82
14,578,25.88
14,579,27.22
14,580,28.15
14,581,26.31
14,582,28.36
14,583,27.17
14,584,27.91
14,585,27.92
14,586,28.01
14,587,27.66
14,588,28.65
14,589,28.01
14,590,29.04
14,591,28.45
14,592,27.72
14,593,27.99
14,594,28.37
14,595,28.26
14,596,28.07
14,597,27.2
14,598,25.51
14,599,26.45
14,600,25.41
14,601,26.86
14,602,25.09
14,603,24.51
14,604,25.13
14,605,24.42
14,606,22.54
14,607,22.55
14,608,23.24
14,609,22.42
14,610,23.84
14,611,23.37
14,612,23.18
14,613,22.68
14,614,24.63
14,615,25.24
14,616,26.58
14,617,25.86
14,618,25.69
14,619,25.99
14,620,25.86
14,621,26.53
14,622,26.09
14,623,26.21
14,624,26.94
14,625,27.37
14,626,26.24
14,627,27.11
14,628,26.37
14,629,26.88
14,630,27.23
14,631,26.74
14,632,27.75
14,633,26.1
14,634,25.22
14,635,25.99
14,636,26.35
14,637,26.17
14,638,27.79
14,639,29.45
14,640,30.44
14,641,28.79
14,642,28.71
14,643,29.72
14,644,31.4
14,645,31.84
14,646,32.93
14,647,32.75
14,648,33.24
14,649,32.8
14,650,33.09
14,651,33.79
14,652,33.0
14,653,34.23
14,654,34.51
14,655,35.24
14,656,35.59
14,657,36.06
14,658,36.15
14,659,35.93
14,660,36.68
14,661,35.97
14,662,36.22
14,663,37.0
14,664,37.78
14,665,36.49
14,666,36.31
14,667,36.48
14,668,37.47
14,669,34.16
14,670,34.25
14,671,35.41
14,672,34.83
14,673,34.63
14,674,34.52
14,675,33.58
14,676,32.5
14,677,34.12
14,678,33.24
14,679,32.19
14,680,34.2
14,681,29.97
14,682,31.71
14,683,29.72
14,684,32.41
14,685,28.64
14,686,29.67
14,687,26.48
14,688,28.6
14,689,25.53
14,690,25.5
14,691,27.68
14,692,28.1
14,693,26.69
14,694,26.57
14,695,27.1
14,696,26.85
14,697,27.52
14,698,28.09
14,699,28.31
14,700,29.64
14,701,30.8
14,702,28.34
14,703,29.35
14,704,28.4
14,705,29.93
14,706,28.22
14,707,27.61
14,708,28.93
14,709,28.26
14,710,28.9
14,711,28.15
14,712,29.32
14,713,27.86
14,714,28.54
14,715,30.44
14,716,29.38
14,717,30.82
14,718,30.1
14,719,31.32
14,720,30.38
14,721,30.99
14,722,31.39
14,723,31.91
14,724,31.58
14,725,32.66
14,726,33.155
14,727,33.65
14,728,32.55
14,729,33.44
14,730,31.85
14,731,31.99
14,732,31.24
14,733,30.77
14,734,32.43
14,735,29.92
14,736,33.13
14,737,30.12
14,738,31.77
14,739,30.46
14,740,31.11
14,741,31.24
14,742,31.95
14,743,30.68
14,744,33.4
14,745,31.72
14,746,34.6
14,747,34.95
14,748,34.22
14,749,34.05
14,750,33.16
14,751,33.459999999999994
14,752,33.76
14,753,33.98
14,754,34.6
14,755,34.98
14,756,36.08
14,757,35.56
14,758,34.1
14,759,34.11
14,760,32.72
14,761,35.3
14,762,34.65
14,763,33.51
14,764,34.02
14,765,31.32
14,766,34.78
14,767,35.65
14,768,35.93
14,769,36.89
14,770,35.18
14,771,39.47
14,772,37.63
14,773,39.26
14,774,40.43
14,775,40.25
14,776,40.07
14,777,41.68
14,778,42.36
14,779,43.85
14,780,43.51
14,781,42.86
14,782,44.545
14,783,46.23
14,784,46.23
15,0,54.79
15,1,54.04
15,2,40.3
15,3,38.75
15,4,41.07
15,5,38.89
15,6,38.24
15,7,37.25
15,8,37.97
15,9,38.62
15,10,37.55
15,11,37.22
15,12,35.5
15,13,35.1
15,14,36.12
15,15,35.47
15,16,35.29
15,17,34.77
15,18,32.76
15,19,33.6
15,20,35.48
15,21,35.32
15,22,33.56
15,23,36.02
15,24,34.72
15,25,33.28
15,26,34.28666666666667
15,27,35.29333333333333
15,28,36.3
15,29,35.9
15,30,31.52
15,31,32.35
15,32,32.42
15,33,32.88
15,34,32.74
15,35,32.12
15,36,33.21
15,37,32.99
15,38,33.27
15,39,33.96
15,40,33.47
15,41,33.3
15,42,31.59
15,43,35.72
15,44,34.73
15,45,34.58
15,46,34.36
15,47,34.57
15,48,35.54
15,49,33.44
15,50,34.65
15,51,34.24
15,52,33.67
15,53,33.84
15,54,33.79
15,55,35.21
15,56,34.41
15,57,34.11
15,58,31.44
15,59,31.86
15,60,31.0
15,61,31.11
15,62,30.88
15,63,29.38
15,64,29.9
15,65,29.52
15,66,29.7
15,67,27.4
15,68,27.99
15,69,27.35
15,70,27.71
15,71,25.55
15,72,26.98
15,73,24.32
15,74,25.24
15,75,23.53
15,76,24.89
15,77,24.41
15,78,22.75
15,79,24.13
15,80,24.35
15,81,23.66
15,82,23.33
15,83,23.16
15,84,23.21
15,85,22.56
15,86,23.68
15,87,25.44
15,88,24.22
15,89,25.39
15,90,24.48
15,91,24.97
15,92,25.79
15,93,25.41
15,94,25.28
15,95,26.8
15,96,25.55
15,97,25.77
15,98,25.71
15,99,26.42
15,100,26.3
15,101,25.57
15,102,25.93
15,103,26.33
15,104,24.68
15,105,25.26
15,106,24.82
15,107,25.54
15,108,23.85
15,109,24.44
15,110,22.12
15,111,24.32
15,112,21.03
15,113,22.87
15,114,23.28
15,115,21.99
15,116,23.95
15,117,21.93
15,118,22.436666666666667
15,119,22.94333333333333
15,120,23.45
15,121,23.956666666666667
15,122,24.46333333333333
15,123,24.97
15,124,25.26
15,125,25.88
15,126,24.64
15,127,24.78
15,128,26.19
15,129,24.17
15,130,27.11
15,131,27.54
15,132,26.83
15,133,26.84
15,134,27.7
15,135,28.22
15,136,28.89
15,137,29.33
15,138,28.83
15,139,28.73
15,140,29.17
15,141,30.55
15,142,29.27
15,143,30.4
15,144,29.29
15,145,28.03
15,146,29.61
15,147,29.05
15,148,29.1
15,149,28.84
15,150,28.39
15,151,28.85
15,152,27.65
15,153,27.06
15,154,25.74
15,155,27.8
15,156,25.55
15,157,24.81
15,158,24.31
15,159,23.4
15,160,23.39
15,161,25.48
15,162,23.91
15,163,23.56
15,164,21.41
15,165,22.69
15,166,22.75
15,167,24.02
15,168,24.17
15,169,25.1
15,170,24.91
15,171,24.0
15,172,24.25
15,173,25.12
15,174,25.93
15,175,28.03
15,176,27.47
15,177,27.43
15,178,30.01
15,179,28.85
15,180,31.17
15,181,31.2
15,182,30.52
15,183,29.49
15,184,29.93
15,185,31.43
15,186,31.33
15,187,31.78
15,188,33.16
15,189,32.66
15,190,34.84
15,191,33.89
15,192,34.17
15,193,33.99
15,194,34.66
15,195,34.55
15,196,34.72
15,197,33.59
15,198,34.16
15,199,32.8
15,200,33.82
15,201,35.73
15,202,34.27
15,203,34.18
15,204,34.86
15,205,35.97
15,206,34.08
15,207,32.96
15,208,31.8
15,209,32.12
15,210,30.47
15,211,32.2
15,212,30.4
15,213,31.11
15,214,28.95
15,215,30.29
15,216,29.59
15,217,29.49
15,218,29.51
15,219,27.15
15,220,27.74
15,221,25.43
15,222,28.04
15,223,25.7
15,224,26.32
15,225,23.0
15,226,24.13
15,227,27.02
15,228,25.17
15,229,22.63
15,230,27.16
15,231,25.95
15,232,23.93
15,233,26.51
15,234,27.78
15,235,27.67
15,236,28.42
15,237,27.61
15,238,29.61
15,239,28.99
15,240,29.42
15,241,28.88
15,242,30.87
15,243,30.37
15,244,27.84
15,245,28.88
15,246,29.05
15,247,29.47
15,248,30.17
15,249,28.47
15,250,29.98
15,251,28.52
15,252,29.57
15,253,29.61
15,254,28.82
15,255,28.33
15,256,29.0
15,257,27.84
15,258,26.98
15,259,26.48
15,260,26.28
15,261,27.4
15,262,25.11
15,263,25.76
15,264,25.04
15,265,25.71
15,266,24.55
15,267,24.61
15,268,21.79
15,269,22.33
15,270,23.24
15,271,22.42
15,272,20.94
15,273,21.97
15,274,20.87
15,275,20.84
15,276,19.75
15,277,20.08
15,278,19.94
15,279,17.83
15,280,20.69
15,281,18.19
15,282,20.47
15,283,21.67
15,284,22.56
15,285,21.59
15,286,22.92
15,287,23.47
15,288,24.44
15,289,23.5
15,290,23.79
15,291,24.12
15,292,24.04
15,293,24.54
15,294,26.02
15,295,25.17
15,296,25.14
15,297,25.07
15,298,25.41
15,299,26.5
15,300,26.24
15,301,26.46
15,302,26.5
15,303,26.77
15,304,25.28
15,305,24.53
15,306,25.68
15,307,24.8
15,308,23.4
15,309,23.12
15,310,24.13
15,311,24.52
15,312,25.06
15,313,26.36
15,314,27.03
15,315,25.6
15,316,26.1
15,317,26.81
15,318,26.91
15,319,27.02
15,320,26.51
15,321,26.71
15,322,28.33
15,323,26.68
15,324,26.54
15,325,26.11
15,326,25.11
15,327,25.47
15,328,25.65
15,329,24.43
15,330,24.03
15,331,24.37
15,332,24.04
15,333,21.26
15,334,20.55
15,335,19.89
15,336,19.46
15,337,17.75
15,338,21.01
15,339,20.87
15,340,20.94
15,341,21.5
15,342,22.25
15,343,20.76
15,344,21.09
15,345,21.62
15,346,20.48
15,347,21.46
15,348,21.09
15,349,21.45
15,350,21.98
15,351,22.38
15,352,22.23
15,353,21.69
15,354,22.38
15,355,24.46
15,356,24.87
15,357,25.7
15,358,26.92
15,359,26.65
15,360,26.3
15,361,28.28
15,362,28.34
15,363,27.13
15,364,29.02
15,365,30.26
15,366,31.08
15,367,31.25
15,368,32.13
15,369,31.83
15,370,32.41
15,371,31.97
15,372,33.01
15,373,33.11
15,374,34.58
15,375,33.95
15,376,35.01
15,377,37.71
15,378,37.09
15,379,38.19
15,380,37.4
15,381,39.03
15,382,40.06
15,383,41.37
15,384,41.85
15,385,42.57
15,386,42.6
15,387,42.49
15,388,42.24
15,389,43.03
15,390,43.47
15,391,42.98
15,392,43.55
15,393,44.05
15,394,44.61
15,395,43.71
15,396,42.96
15,397,43.73
15,398,44.16
15,399,44.13
15,400,42.76
15,401,43.04
15,402,43.71
15,403,42.38
15,404,41.37
15,405,42.92
15,406,40.11
15,407,40.68
15,408,40.99
15,409,37.85
15,410,38.56
15,411,39.33
15,412,37.92
15,413,38.15
15,414,36.96
15,415,35.71
15,416,36.97
15,417,33.87
15,418,33.93
15,419,35.03
15,420,31.95
15,421,32.08
15,422,32.26
15,423,30.42
15,424,31.51
15,425,28.49
15,426,31.61
15,427,27.14
15,428,29.34
15,429,28.18
15,430,27.8
15,431,26.56
15,432,25.47
15,433,26.07
15,434,26.47
15,435,24.71
15,436,25.95
15,437,24.82
15,438,24.13
15,439,25.53
15,440,25.48
15,441,25.88
15,442,25.52
15,443,25.84
15,444,26.4
15,445,25.64
15,446,26.77
15,447,25.83
15,448,26.17
15,449,25.53
15,450,26.9
15,451,26.43
15,452,26.86
15,453,27.4
15,454,27.43
15,455,26.4
15,456,26.81
15,457,26.45
15,458,24.99
15,459,25.02
15,460,24.95
15,461,24.95
15,462,23.84
15,463,22.86
15,464,23.85
15,465,26.55
15,466,25.69
15,467,26.75
15,468,26.32
15,469,26.71
15,470,26.83
15,471,26.89
15,472,27.58
15,473,26.9
15,474,27.71
15,475,26.97
15,476,27.87
15,477,27.38
15,478,27.34
15,479,26.8
15,480,28.07
15,481,27.76
15,482,26.1
15,483,27.0
15,484,25.05
15,485,26.76
15,486,25.16
15,487,23.66
15,488,24.57
15,489,23.49
15,490,25.37
15,491,23.26
15,492,23.09
15,493,23.18
15,494,23.33
15,495,21.82
15,496,23.24
15,497,22.25
15,498,24.4
15,499,23.94
15,500,25.19
15,501,24.88
15,502,25.87
15,503,27.84
15,504,26.79
15,505,27.2
15,506,27.23
15,507,28.67
15,508,26.66
15,509,29.23
15,510,29.42
15,511,29.06
15,512,29.77
15,513,30.29
15,514,30.05
15,515,31.34
15,516,30.58
15,517,29.89
15,518,31.25
15,519,33.15
15,520,32.93
15,521,31.54
15,522,32.62
15,523,34.07
15,524,35.03
15,525,34.34
15,526,34.65
15,527,35.83
15,528,34.12
15,529,35.57
15,530,35.49
15,531,36.56
15,532,36.83
15,533,37.15
15,534,34.83
15,535,35.32
15,536,35.41
15,537,35.1
15,538,33.97
15,539,34.3
15,540,33.27
15,541,33.29
15,542,32.99
15,543,32.38
15,544,32.52
15,545,32.29
15,546,31.12
15,547,31.2
15,548,30.04
15,549,31.24
15,550,28.68
15,551,29.51
15,552,27.12
15,553,28.6
15,554,27.4
15,555,26.58
15,556,26.07
15,557,25.94
15,558,25.71
15,559,24.3
15,560,24.61
15,561,22.9
15,562,24.19
15,563,23.71
15,564,22.9
15,565,22.51
15,566,20.86
15,567,20.62
15,568,21.92
15,569,22.55
15,570,22.39
15,571,22.65
15,572,23.85
15,573,23.16
15,574,25.07
15,575,25.4
15,576,25.73
15,577,26.06
15,578,25.52
15,579,25.46
15,580,25.4
15,581,25.85
15,582,25.99
15,583,26.79
15,584,26.7
15,585,26.53
15,586,27.74
15,587,25.47
15,588,26.7
15,589,26.93
15,590,27.14
15,591,25.88
15,592,26.76
15,593,26.05
15,594,25.92
15,595,25.395000000000003
15,596,24.87
15,597,24.345
15,598,23.82
15,599,23.295
15,600,22.77
15,601,25.59
15,602,25.0
15,603,25.05
15,604,24.79
15,605,25.86
15,606,25.47
15,607,26.56
15,608,25.78
15,609,26.95
15,610,26.16
15,611,26.52
15,612,27.23
15,613,26.76
15,614,26.46
15,615,26.78
15,616,25.67
15,617,27.06
15,618,28.86
15,619,29.75
15,620,31.17
15,621,31.49
15,622,32.3
15,623,32.63
15,624,30.87
15,625,31.4
15,626,31.03
15,627,33.67
15,628,35.95
15,629,33.86
15,630,34.9
15,631,36.01
15,632,34.74
15,633,33.93
15,634,34.71
15,635,35.51
15,636,35.58
15,637,35.61
15,638,38.04
15,639,35.28
15,640,35.72
15,641,34.02
15,642,34.73
15,643,35.1
15,644,34.56
15,645,33.63
15,646,34.23
15,647,33.72
15,648,32.78
15,649,33.37
15,650,32.24
15,651,30.34
15,652,31.07
15,653,29.19
15,654,29.94
15,655,28.01
15,656,30.1
15,657,28.27
15,658,27.72
15,659,27.96
15,660,27.44
15,661,27.82
15,662,29.13
15,663,27.96
15,664,30.43
15,665,30.45
15,666,28.26
15,667,29.04
15,668,28.85
15,669,29.16
15,670,30.59
15,671,30.53
15,672,29.33
15,673,28.9
15,674,27.03
15,675,28.08
15,676,28.64
15,677,26.77
15,678,27.76
15,679,26.97
15,680,25.74
15,681,27.44
15,682,26.9
15,683,28.05
15,684,28.65
15,685,28.62
15,686,28.86
15,687,29.46
15,688,30.31
15,689,31.19
15,690,30.78
15,691,32.05
15,692,31.75
15,693,33.06
15,694,33.17
15,695,33.02
15,696,33.6
15,697,35.3
15,698,35.48
15,699,35.92
15,700,35.33
15,701,35.19
15,702,35.71
15,703,37.27
15,704,37.25571428571429
15,705,37.24142857142857
15,706,37.22714285714286
15,707,37.212857142857146
15,708,37.198571428571434
15,709,37.184285714285714
15,710,37.17
15,711,38.01
15,712,36.09
15,713,36.06
15,714,36.18
15,715,35.61
15,716,35.33
15,717,36.73
15,718,35.49
15,719,32.36
15,720,31.63
15,721,32.02
15,722,34.51
15,723,31.63
15,724,30.48
15,725,31.7
15,726,30.44
15,727,29.18
15,728,27.91
15,729,27.4
15,730,28.18
15,731,29.67
15,732,29.87
15,733,28.9
15,734,29.46
15,735,32.41
15,736,30.93
15,737,32.81
15,738,32.29
15,739,32.51
15,740,33.34
15,741,32.67
15,742,32.33
15,743,31.59
15,744,33.28
15,745,32.05
15,746,33.34
15,747,33.18
15,748,31.53
15,749,31.93
15,750,31.75
15,751,31.2
15,752,30.59
15,753,31.2
15,754,30.61
15,755,29.8
15,756,29.66
15,757,29.52
15,758,26.42
15,759,28.03
15,760,28.98
15,761,27.19
15,762,25.76
15,763,26.27
15,764,26.1
15,765,25.65
15,766,24.46
15,767,25.6
15,768,25.4
15,769,25.1
15,770,26.73
15,771,26.73
15,772,25.28
15,773,25.43
15,774,25.72
15,775,25.67
15,776,26.37
15,777,26.56
15,778,26.4
15,779,26.89
15,780,26.34
15,781,25.08
15,782,26.31
15,783,25.46
15,784,25.59
15,785,24.44
15,786,25.62
15,787,26.27
15,788,27.17
15,789,28.31
15,790,28.57
15,791,29.41
15,792,29.38
15,793,30.65
15,794,31.51
15,795,31.88
15,796,31.15
15,797,32.52
15,798,33.57
15,799,34.04
15,800,33.93
15,801,35.27
15,802,35.98
15,803,35.92
15,804,35.91
15,805,36.71
15,806,38.52
15,807,38.3
15,808,38.2
15,809,38.71
15,810,39.71
15,811,39.26
15,812,39.55
15,813,40.08
15,814,38.95
15,815,40.48
15,816,40.18
15,817,40.26
15,818,39.45
15,819,40.22
15,820,40.45
15,821,40.33
15,822,39.09
15,823,39.81
15,824,38.1
15,825,39.64
15,826,36.14
15,827,37.51
15,828,37.99
15,829,37.1
15,830,34.21
15,831,35.84
15,832,35.37
15,833,33.78
15,834,34.44
15,835,31.94
15,836,33.69
15,837,32.42
15,838,31.08
15,839,32.14
15,840,30.8
15,841,30.24
15,842,28.7
15,843,28.52
15,844,26.68
15,845,28.03
15,846,25.37
15,847,25.4
15,848,26.04
15,849,26.02
15,850,24.89
15,851,24.34
15,852,24.42
15,853,23.32
15,854,23.54
15,855,22.95
15,856,23.51
15,857,23.7
15,858,21.88
15,859,24.05
15,860,23.24
15,861,24.18
15,862,24.31
15,863,22.97
15,864,24.37
15,865,23.19
15,866,23.61
15,867,23.85
15,868,24.0
15,869,23.01
15,870,22.74
15,871,23.91
15,872,22.44
15,873,23.6
15,874,22.01
15,875,22.22
15,876,21.21
15,877,23.03
15,878,24.96
15,879,24.81
15,880,25.54
15,881,25.52
15,882,26.3
15,883,25.36
15,884,26.48
15,885,26.39
15,886,25.9
15,887,26.41
15,888,26.59
15,889,27.32
15,890,27.33
15,891,26.55
15,892,27.28
15,893,26.54
15,894,25.9
15,895,25.76
15,896,26.98
15,897,26.7
15,898,25.42
15,899,26.81
15,900,23.24
15,901,23.25
15,902,23.33
15,903,22.93
15,904,22.53
15,905,23.05
15,906,22.71
15,907,22.36
15,908,23.05
15,909,22.32
15,910,23.67
15,911,23.96
15,912,25.26
15,913,24.42
15,914,24.41
15,915,25.25
15,916,26.47
15,917,27.63
15,918,27.91
15,919,28.25
15,920,28.13
15,921,27.7
15,922,28.78
15,923,29.25
15,924,30.09
15,925,31.84
15,926,32.65
15,927,31.76
15,928,33.54
15,929,32.93
15,930,33.58
15,931,33.15
15,932,34.63
15,933,35.85
15,934,35.58
15,935,35.84
15,936,37.67
15,937,38.29
15,938,38.43
15,939,37.91
15,940,39.37
15,941,37.65
15,942,39.67
15,943,38.83
15,944,38.63
15,945,40.06
15,946,40.1
15,947,38.63
15,948,39.45
15,949,39.56
15,950,39.94
15,951,40.52
15,952,39.13
15,953,39.33
15,954,40.1
15,955,39.54
15,956,38.37
15,957,37.35
15,958,39.1
15,959,38.78
15,960,38.94
15,961,37.66
15,962,38.55
15,963,38.02
15,964,37.86
15,965,35.34
15,966,37.39
15,967,33.39
15,968,34.85
15,969,35.28
15,970,32.71
15,971,32.001666666666665
15,972,31.293333333333333
15,973,30.585
15,974,29.87666666666667
15,975,29.168333333333333
15,976,28.46
15,977,28.28
15,978,28.64
15,979,30.08
15,980,27.15
15,981,26.95
15,982,26.44
15,983,28.38
15,984,27.44
15,985,28.99
15,986,28.93
15,987,26.88
15,988,27.95
15,989,28.4
15,990,28.5
15,991,27.13
15,992,28.05
15,993,29.27
15,994,27.69
15,995,30.54
15,996,26.89
15,997,29.8
15,998,29.95
15,999,32.2
15,1000,31.58
15,1001,32.01
15,1002,30.69
15,1003,32.02
15,1004,33.77
15,1005,32.06
15,1006,31.16
15,1007,31.94
15,1008,33.54
15,1009,31.75
15,1010,32.4
15,1011,32.79
15,1012,33.5
15,1013,32.62
15,1014,31.84
15,1015,32.56
15,1016,31.37
15,1017,30.6
15,1018,32.38
15,1019,31.36
15,1020,31.39
15,1021,31.1
15,1022,31.06
15,1023,30.31
15,1024,27.37
15,1025,27.86
15,1026,28.66
15,1027,28.04
15,1028,27.39
15,1029,27.62
15,1030,27.77
15,1031,27.35
15,1032,27.57
15,1033,25.92
15,1034,27.64
15,1035,26.73
15,1036,26.8
15,1037,25.63
15,1038,26.18
15,1039,24.8
15,1040,26.23
15,1041,23.02
15,1042,25.01
15,1043,23.43
15,1044,24.0
15,1045,24.0
15,1046,22.89
15,1047,22.63
15,1048,22.48
15,1049,23.07
15,1050,23.51
15,1051,21.27
15,1052,20.53
15,1053,22.07
15,1054,22.48
15,1055,18.6
15,1056,20.58
15,1057,22.76
15,1058,21.42
15,1059,22.21
15,1060,22.04
15,1061,22.36
15,1062,22.36
15,1063,23.31
15,1064,22.31
15,1065,22.95
15,1066,23.67
15,1067,23.08
15,1068,24.21
15,1069,24.07
15,1070,24.71
15,1071,24.27
15,1072,25.515
15,1073,26.76
15,1074,26.05
15,1075,26.88
15,1076,29.17
15,1077,29.17
15,1078,29.17
15,1079,29.17
15,1080,29.17
15,1081,29.17
15,1082,29.17
15,1083,29.17
15,1084,29.17
15,1085,29.17
15,1086,29.17
15,1087,29.17
15,1088,29.17
15,1089,29.17
15,1090,29.17
15,1091,29.17
16,0,35.21
16,1,35.21
16,2,35.21
16,3,35.21
16,4,35.21
16,5,35.21
16,6,35.21
16,7,35.21
16,8,35.21
16,9,35.21
16,10,35.21
16,11,35.21
16,12,35.21
16,13,35.21
16,14,33.665
16,15,32.12
16,16,32.78
16,17,30.26
16,18,30.485
16,19,30.71
16,20,33.94
16,21,34.39
16,22,35.17
16,23,34.37
16,24,34.87
16,25,34.4
16,26,33.87
16,27,32.97
16,28,34.12
16,29,32.98
16,30,33.72
16,31,33.41
16,32,33.34
16,33,31.76
16,34,33.63
16,35,31.5
16,36,31.3
16,37,30.66
16,38,30.58
16,39,30.21
16,40,30.39
16,41,29.91
16,42,27.89
16,43,29.74
16,44,29.19
16,45,28.96
16,46,27.19
16,47,29.57
16,48,30.04
16,49,30.95
16,50,28.97
16,51,28.78
16,52,29.83
16,53,30.19
16,54,30.06
16,55,29.96
16,56,28.38
16,57,28.316666666666666
16,58,28.253333333333334
16,59,28.189999999999998
16,60,28.126666666666665
16,61,28.063333333333333
16,62,28.0
16,63,27.29
16,64,26.61
16,65,26.95
16,66,27.12
16,67,25.02
16,68,24.99
16,69,25.18
16,70,25.43
16,71,24.42
16,72,22.5
16,73,22.59
16,74,23.32
16,75,23.46
16,76,24.200000000000003
16,77,24.94
16,78,23.92
16,79,24.38
16,80,25.37
16,81,24.77
16,82,25.36
16,83,24.11
16,84,26.05
16,85,24.51
16,86,25.8
16,87,24.86
16,88,25.28
16,89,24.68
16,90,24.0
16,91,24.73
16,92,24.83
16,93,26.4
16,94,26.11
16,95,26.63
16,96,27.39
16,97,27.28
16,98,27.38
16,99,26.17
16,100,26.72
16,101,26.96
16,102,27.46
16,103,27.39
16,104,27.88
16,105,28.69
16,106,26.45
16,107,27.56
16,108,28.04
16,109,26.93
16,110,25.82
16,111,25.49
16,112,25.51
16,113,25.12
16,114,24.82
16,115,23.98
16,116,23.85
16,117,24.88
16,118,24.9
16,119,24.53
16,120,25.99
16,121,27.78
16,122,27.02
16,123,27.23
16,124,28.02
16,125,28.42
16,126,29.66
16,127,29.41
16,128,31.68
16,129,31.56
16,130,32.49
16,131,32.13
16,132,31.55
16,133,33.29
16,134,32.66
16,135,32.79
16,136,31.18
16,137,33.25
16,138,34.67
16,139,32.87
16,140,32.5
16,141,33.11
16,142,34.26
16,143,32.75
16,144,32.94
16,145,33.0
16,146,31.34
16,147,31.83
16,148,30.72
16,149,31.05
16,150,31.65
16,151,29.99
16,152,29.42
16,153,29.14
16,154,30.42
16,155,28.34
16,156,27.88
16,157,27.51
16,158,25.91
16,159,26.67
16,160,27.28
16,161,26.67
16,162,24.95
16,163,26.2
16,164,26.57
16,165,26.33
16,166,26.65
16,167,26.08
16,168,26.79
16,169,27.03
16,170,27.52
16,171,26.4
16,172,27.95
16,173,27.39
16,174,30.24
16,175,28.67
16,176,28.46
16,177,28.13
16,178,28.4
16,179,29.23
16,180,28.58
16,181,29.03
16,182,28.19
16,183,28.75
16,184,29.55
16,185,29.43
16,186,28.88
16,187,26.6
16,188,28.36
16,189,28.31
16,190,27.9
16,191,28.33
16,192,28.92
16,193,26.47
16,194,26.18
16,195,27.63
16,196,26.73
16,197,26.28
16,198,25.92
16,199,26.81
16,200,28.19
16,201,26.73
16,202,28.11
16,203,26.11
16,204,27.3
16,205,27.31
16,206,28.03
16,207,28.07
16,208,27.33
16,209,26.06
16,210,26.31
16,211,26.73
16,212,25.71
16,213,27.13
16,214,25.69
16,215,27.17
16,216,27.75
16,217,29.29
16,218,29.82
16,219,31.21
16,220,30.49
16,221,30.85
16,222,32.05
16,223,32.02
16,224,31.54
16,225,32.23
16,226,32.16
16,227,32.56
16,228,32.77
16,229,35.27
16,230,32.28
16,231,35.43
16,232,32.68
16,233,35.46
16,234,33.29
16,235,35.4
16,236,35.14
16,237,33.99
16,238,33.83
16,239,33.19
16,240,32.5
16,241,34.25
16,242,33.03
16,243,32.82
16,244,32.1
16,245,32.27
16,246,31.39
16,247,31.33
16,248,30.99
16,249,29.01
16,250,29.4
16,251,30.4
16,252,28.22
16,253,28.94
16,254,28.31
16,255,28.3
16,256,26.97
16,257,27.64
16,258,25.73
16,259,25.78
16,260,25.55
16,261,24.7
16,262,24.68
16,263,25.59
16,264,24.7
16,265,26.06
16,266,26.75
16,267,26.7
16,268,27.06
16,269,27.78
16,270,27.84
16,271,26.68
16,272,26.78
16,273,26.72
16,274,27.86
16,275,27.68
16,276,28.32
16,277,28.32
16,278,26.71
16,279,26.67
16,280,26.42
16,281,26.5
16,282,26.85
16,283,25.63
16,284,25.27
16,285,26.02
16,286,22.97
16,287,23.11
16,288,23.62
16,289,23.58
16,290,23.69
16,291,23.47
16,292,25.67
16,293,24.91
16,294,23.67
16,295,24.73
16,296,27.43
16,297,27.24
16,298,27.59
16,299,28.1
16,300,27.84
16,301,28.01
16,302,27.68
16,303,29.28
16,304,28.4
16,305,28.55
16,306,29.47
16,307,28.37
16,308,30.4
16,309,30.74
16,310,30.28
16,311,29.67
16,312,28.85
16,313,29.06
16,314,28.73
16,315,28.62
16,316,29.13
16,317,30.23
16,318,28.11
16,319,28.49
16,320,28.21
16,321,27.85
16,322,28.65
16,323,27.72
16,324,28.63
16,325,28.93
16,326,28.21
16,327,27.38
16,328,26.66
16,329,26.85
16,330,26.53
16,331,25.37
16,332,26.6
16,333,29.11
16,334,28.15
16,335,27.64
16,336,28.2
16,337,30.96
16,338,30.75
16,339,31.24
16,340,29.18
16,341,31.31
16,342,31.86
16,343,33.12
16,344,30.92
16,345,33.41
16,346,32.12
16,347,35.17
16,348,34.38
16,349,34.41
16,350,34.31
16,351,34.71
16,352,34.28
16,353,34.01
16,354,34.44
16,355,33.84
16,356,35.68
16,357,35.0
16,358,34.64
16,359,33.04
16,360,32.92
16,361,33.57
16,362,33.57
16,363,33.26
16,364,30.74
16,365,31.47
16,366,30.01
16,367,30.61
16,368,29.93
16,369,30.26
16,370,29.1
16,371,28.77
16,372,27.74
16,373,27.66
16,374,26.47
16,375,25.62
16,376,26.4
16,377,25.11
16,378,25.43
16,379,24.95
16,380,22.53
16,381,23.25
16,382,21.6
16,383,22.81
16,384,20.75
16,385,22.09
16,386,22.55
16,387,22.32
16,388,23.28
16,389,24.75
16,390,25.53
16,391,24.13
16,392,24.1
16,393,24.92
16,394,25.55
16,395,25.76
16,396,25.76
16,397,25.57
16,398,26.79
16,399,27.16
16,400,25.96
16,401,26.2
16,402,25.51
16,403,26.2
16,404,25.01
16,405,26.14
16,406,25.41
16,407,25.73
16,408,25.12
16,409,25.16
16,410,23.22
16,411,24.09
16,412,23.99
16,413,23.76
16,414,22.38
16,415,21.65
16,416,22.68
16,417,23.22
16,418,21.68
16,419,21.39
16,420,22.72
16,421,22.44
16,422,22.61
16,423,23.14
16,424,23.1
16,425,24.87
16,426,25.14
16,427,25.57
16,428,25.43
16,429,26.31
16,430,26.65
16,431,26.13
16,432,26.81
16,433,26.29
16,434,27.83
16,435,28.77
16,436,26.19
16,437,26.37857142857143
16,438,26.56714285714286
16,439,26.755714285714287
16,440,26.944285714285716
16,441,27.132857142857144
16,442,27.321428571428573
16,443,27.51
16,444,26.59
16,445,26.04
16,446,26.4
16,447,26.57
16,448,26.24
16,449,27.75
16,450,26.83
16,451,25.59
16,452,26.2
16,453,26.76
16,454,26.3
16,455,25.66
16,456,26.04
16,457,26.62
16,458,28.19
16,459,28.03
16,460,29.4
16,461,27.85
16,462,27.79
16,463,29.49
16,464,29.85
16,465,29.94
16,466,32.2
16,467,32.33
16,468,32.69
16,469,32.02
16,470,31.79
16,471,32.07
16,472,33.12
16,473,34.41
16,474,33.89
16,475,33.46
16,476,36.16
16,477,33.76
16,478,34.71
16,479,35.57
16,480,35.15
16,481,35.61
16,482,35.12
16,483,33.87
16,484,34.11
16,485,33.89
16,486,34.84
16,487,34.12
16,488,33.59
16,489,33.78
16,490,32.96
16,491,30.98
16,492,31.57
16,493,31.35
16,494,31.72
16,495,33.58
16,496,30.53
16,497,31.15
16,498,28.38
16,499,30.74
16,500,26.46
16,501,25.85
16,502,25.7
16,503,25.21
16,504,23.83
16,505,24.6
16,506,24.77
16,507,23.09
16,508,24.43
16,509,24.13
16,510,24.26
16,511,22.54
16,512,23.97
16,513,23.69
16,514,25.96
16,515,24.77
16,516,26.16
16,517,26.49
16,518,27.64
16,519,28.54
16,520,28.93
16,521,29.77
16,522,27.3
16,523,28.68
16,524,30.06
16,525,30.27
16,526,31.16
16,527,31.87
16,528,31.39
16,529,31.31
16,530,32.08
16,531,31.71
16,532,32.47
16,533,31.79
16,534,30.97
16,535,32.48
16,536,31.4
16,537,31.35
16,538,32.55
16,539,31.32
16,540,32.22
16,541,31.94
16,542,31.25
16,543,30.05
16,544,30.59
16,545,29.1
16,546,30.43
16,547,28.39
16,548,29.4
16,549,28.76
16,550,29.21
16,551,28.48
16,552,28.5
16,553,27.29
16,554,26.29
16,555,25.95
16,556,25.0
16,557,25.08
16,558,25.54
16,559,25.24
16,560,24.73
16,561,23.91
16,562,24.74
16,563,23.25
16,564,25.78
16,565,25.99
16,566,26.47
16,567,26.16
16,568,26.16
16,569,25.79
16,570,25.88
16,571,27.54
16,572,27.21
16,573,27.65
16,574,27.78
16,575,28.08
16,576,27.4
16,577,28.9
16,578,28.7
16,579,28.64
16,580,29.39
16,581,27.61
16,582,28.86
16,583,27.77
16,584,28.07
16,585,28.25
16,586,28.02
16,587,28.63
16,588,29.76
16,589,30.33
16,590,31.67
16,591,30.61
16,592,30.65
16,593,31.54
16,594,32.69
16,595,32.06
16,596,32.69
16,597,31.6
16,598,31.38
16,599,31.66
16,600,32.03
16,601,32.15
16,602,32.27
16,603,32.09
16,604,32.84
16,605,33.74
16,606,31.21
16,607,33.25
16,608,32.17
16,609,31.36
16,610,32.6
16,611,30.54
16,612,31.3
16,613,28.06
16,614,30.12
16,615,29.71
16,616,27.35
16,617,27.22
16,618,27.01
16,619,26.44
16,620,27.96
16,621,25.65
16,622,26.15
16,623,24.91
16,624,24.37
16,625,23.72
16,626,24.67
16,627,22.88
16,628,23.4
16,629,23.77
16,630,22.62
16,631,22.96
16,632,20.67
16,633,20.49
16,634,21.39
16,635,20.72
16,636,20.76
16,637,22.55
16,638,23.18
16,639,23.4
16,640,24.55
16,641,23.28
16,642,25.68
16,643,24.93
16,644,24.55
16,645,26.27
16,646,26.75
16,647,25.87
16,648,26.1
16,649,27.94
16,650,28.31
16,651,30.13
16,652,29.39
16,653,29.02
16,654,29.84
16,655,30.52
16,656,31.51
16,657,30.95
16,658,30.79
16,659,31.46
16,660,31.83
16,661,32.89
16,662,31.34
16,663,31.74
16,664,32.51
16,665,31.09
16,666,31.58
16,667,31.3
16,668,31.09
16,669,32.18
16,670,30.97
16,671,30.01
16,672,29.05
16,673,29.62
16,674,30.01
16,675,28.19
16,676,29.16
16,677,28.89
16,678,27.36
16,679,26.57
16,680,26.59
16,681,26.57
16,682,25.05
16,683,23.9
16,684,24.88
16,685,23.35
16,686,22.83
16,687,22.27
16,688,23.75
16,689,22.82
16,690,23.44
16,691,22.4
16,692,22.01
16,693,23.09
16,694,21.29
16,695,21.41
16,696,23.69
16,697,23.41
16,698,23.64
16,699,24.2
16,700,23.59
16,701,25.25
16,702,26.91
16,703,27.22
16,704,27.05
16,705,27.18
16,706,27.67
16,707,28.93
16,708,27.84
16,709,30.38
16,710,29.97
16,711,32.47
16,712,31.65
16,713,33.78
16,714,32.98
16,715,33.6
16,716,33.49
16,717,32.74
16,718,33.15
16,719,34.14
16,720,36.29
16,721,36.09
16,722,37.1
16,723,36.02
16,724,37.33
16,725,35.83
16,726,37.44
16,727,37.34
16,728,35.73
16,729,36.15
16,730,36.32
16,731,38.25
16,732,36.48
16,733,35.22
16,734,36.2
16,735,34.51
16,736,35.57
16,737,34.3
16,738,33.32
16,739,32.8
16,740,33.86
16,741,32.01
16,742,32.2
16,743,31.29
16,744,30.13
16,745,30.12
16,746,28.75
16,747,28.93
16,748,28.08
16,749,27.72
16,750,27.53
16,751,28.38
16,752,28.32
16,753,27.4
16,754,28.81
16,755,29.27
16,756,27.95
16,757,27.42
16,758,27.55
16,759,27.86
16,760,27.78
16,761,27.96
16,762,26.83
16,763,28.23
16,764,26.6
16,765,25.9
16,766,26.64
16,767,24.82
16,768,24.54
16,769,23.88
16,770,25.6
16,771,25.03
16,772,24.5
16,773,20.14
16,774,21.2
16,775,21.05
16,776,21.34
16,777,23.83
16,778,20.46
16,779,21.77
16,780,20.56
16,781,22.05
16,782,23.31
16,783,23.1
16,784,23.46
16,785,22.62
16,786,24.46
16,787,23.93
16,788,25.97
16,789,25.22
16,790,25.58
16,791,27.4
16,792,26.96
16,793,25.48
16,794,27.79
16,795,26.49
16,796,27.68
16,797,27.59
16,798,27.65
16,799,28.52
16,800,27.99
16,801,28.28
16,802,28.77
16,803,27.47
16,804,29.14
16,805,28.943333333333335
16,806,28.746666666666666
16,807,28.55
16,808,28.353333333333335
16,809,28.156666666666666
16,810,27.96
16,811,26.76
16,812,28.69
16,813,26.57
16,814,25.09
16,815,27.01
16,816,25.88
16,817,25.54
16,818,23.62
16,819,23.06
16,820,23.65
16,821,23.1
16,822,24.53
16,823,23.79
16,824,23.81
16,825,24.62
16,826,23.95
16,827,24.41
16,828,23.92
16,829,23.83
16,830,24.62
16,831,23.6
16,832,25.89
16,833,24.59
16,834,25.35
16,835,25.29
16,836,25.25
16,837,23.8
16,838,23.75
16,839,24.09
16,840,24.02
16,841,24.76
16,842,23.24
16,843,24.55
16,844,28.26
16,845,28.040000000000003
16,846,27.82
16,847,27.6
16,848,27.380000000000003
16,849,27.16
16,850,26.94
16,851,27.144285714285715
16,852,27.34857142857143
16,853,27.552857142857142
16,854,27.75714285714286
16,855,27.961428571428574
16,856,28.165714285714287
16,857,28.37
16,858,28.4
16,859,28.3
16,860,27.98
16,861,28.79
16,862,28.78
16,863,29.96
16,864,29.4
16,865,29.03
16,866,28.78
16,867,29.39
16,868,29.13
16,869,30.13
16,870,29.14
16,871,30.32
16,872,28.84
16,873,31.99
16,874,29.13
16,875,28.97
16,876,27.76
16,877,28.11
16,878,27.65
16,879,27.61
16,880,27.84
16,881,27.3
16,882,28.57
16,883,29.3
16,884,28.29
16,885,32.2
16,886,32.13
16,887,32.77
16,888,30.04
16,889,32.22
16,890,31.56
16,891,35.95
16,892,33.73
16,893,35.32
16,894,34.9
16,895,35.16
16,896,35.69
16,897,36.98
16,898,37.5
16,899,35.12
16,900,37.35
16,901,38.71
16,902,38.34
16,903,38.41
16,904,37.47
16,905,38.75
16,906,37.73
16,907,38.24
16,908,37.49
16,909,39.5
16,910,38.51
16,911,36.39
16,912,37.76
16,913,38.49
16,914,36.0
16,915,34.85
16,916,37.48
16,917,35.07
16,918,35.96
16,919,36.06
16,920,32.67
16,921,34.43
16,922,33.11
16,923,33.33
16,924,31.66
16,925,31.08
16,926,30.99
16,927,28.99
16,928,30.96
16,929,34.23
16,930,29.5
16,931,30.28
16,932,30.05
16,933,29.35
16,934,26.21
16,935,25.67
16,936,27.1
16,937,25.63
16,938,25.45
16,939,25.99
16,940,25.91
16,941,28.11
16,942,30.91
16,943,30.91
16,944,30.91
16,945,30.91
16,946,30.91
16,947,30.91
16,948,30.91
